{"content":[{"id":"47a8853c","settings":{"layout":"full_width","flex_gap":{"size":5,"unit":"%"},"min_height":{"unit":"vh","size":"75","sizes":[]},"flex_align_items":"stretch","content_position":"middle","structure":"20","margin":{"unit":"%","top":"","right":"","bottom":"","left":"","isLinked":"1"},"padding":{"unit":"%","top":"0","right":"8","bottom":"0","left":"0","isLinked":""},"min_height_tablet":{"unit":"vh","size":0,"sizes":[]},"margin_tablet":{"unit":"%","top":"","right":"","bottom":"","left":"","isLinked":"1"},"margin_mobile":{"unit":"%","top":"","right":"","bottom":"","left":"","isLinked":"1"},"padding_tablet":{"unit":"%","top":"0","right":"0","bottom":"0","left":"0","isLinked":""},"padding_mobile":{"unit":"px","top":"0","right":"0","bottom":"0","left":"0","isLinked":""},"_title":"Baking with love","flex_direction":"row","content_width":"full","flex_direction_tablet":"column","flex_justify_content":"flex-start","flex_justify_content_tablet":"flex-start","flex_gap_tablet":{"unit":"px","size":50,"sizes":[]},"flex_gap_mobile":{"unit":"%","size":"","sizes":[]},"background_image":{"url":"","id":""},"background_image_tablet":{"url":"","id":""},"background_image_mobile":{"url":"","id":""},"background_video_fallback":{"url":"","id":""},"background_hover_image":{"url":"","id":""},"background_hover_image_tablet":{"url":"","id":""},"background_hover_image_mobile":{"url":"","id":""},"background_hover_video_fallback":{"url":"","id":""},"background_overlay_image":{"url":"","id":""},"background_overlay_image_tablet":{"url":"","id":""},"background_overlay_image_mobile":{"url":"","id":""},"background_overlay_video_fallback":{"url":"","id":""},"background_overlay_hover_image":{"url":"","id":""},"background_overlay_hover_image_tablet":{"url":"","id":""},"background_overlay_hover_image_mobile":{"url":"","id":""},"background_overlay_hover_video_fallback":{"url":"","id":""}},"elements":[{"id":"17565af1","settings":{"_column_size":"50","width":{"size":48,"unit":"%"},"background_background":"classic","background_image":{"id":1675,"url":"https:\/\/library.elementor.com\/local-services-wireframe-2-flexbox\/wp-content\/uploads\/sites\/267\/2023\/06\/Image_Placeholder_2-13122021.jpg"},"background_position":"center center","background_repeat":"no-repeat","background_size":"cover","padding_mobile":{"unit":"%","top":"","right":"","bottom":"","left":"","isLinked":"1"},"width_tablet":{"size":"100","unit":"%"},"content_width":"full","min_height_tablet":{"unit":"px","size":405,"sizes":[]},"min_height_mobile":{"unit":"px","size":350,"sizes":[]},"flex_direction":"column","background_image_tablet":{"url":"","id":""},"background_image_mobile":{"url":"","id":""},"background_video_fallback":{"url":"","id":""},"background_hover_image":{"url":"","id":""},"background_hover_image_tablet":{"url":"","id":""},"background_hover_image_mobile":{"url":"","id":""},"background_hover_video_fallback":{"url":"","id":""},"background_overlay_image":{"url":"","id":""},"background_overlay_image_tablet":{"url":"","id":""},"background_overlay_image_mobile":{"url":"","id":""},"background_overlay_video_fallback":{"url":"","id":""},"background_overlay_hover_image":{"url":"","id":""},"background_overlay_hover_image_tablet":{"url":"","id":""},"background_overlay_hover_image_mobile":{"url":"","id":""},"background_overlay_hover_video_fallback":{"url":"","id":""}},"elements":[],"isInner":false,"elType":"container"},{"id":"8734fb","settings":{"_column_size":"50","width":{"size":545,"unit":"px"},"padding":{"unit":"%","top":"","right":"","bottom":"","left":"","isLinked":true},"padding_mobile":{"unit":"%","top":"0","right":"8","bottom":"0","left":"8","isLinked":""},"padding_tablet":{"unit":"%","top":"0","right":"5","bottom":"0","left":"5","isLinked":""},"width_tablet":{"size":"100","unit":"%"},"content_width":"full","min_height_mobile":{"unit":"vh","size":0,"sizes":[]},"flex_direction":"column","flex_justify_content":"center","width_mobile":{"unit":"%","size":"","sizes":[]},"background_image":{"url":"","id":""},"background_image_tablet":{"url":"","id":""},"background_image_mobile":{"url":"","id":""},"background_video_fallback":{"url":"","id":""},"background_hover_image":{"url":"","id":""},"background_hover_image_tablet":{"url":"","id":""},"background_hover_image_mobile":{"url":"","id":""},"background_hover_video_fallback":{"url":"","id":""},"background_overlay_image":{"url":"","id":""},"background_overlay_image_tablet":{"url":"","id":""},"background_overlay_image_mobile":{"url":"","id":""},"background_overlay_video_fallback":{"url":"","id":""},"background_overlay_hover_image":{"url":"","id":""},"background_overlay_hover_image_tablet":{"url":"","id":""},"background_overlay_hover_image_mobile":{"url":"","id":""},"background_overlay_hover_video_fallback":{"url":"","id":""},"flex_gap":{"unit":"px","size":20,"sizes":[]},"flex_gap_mobile":{"unit":"px","size":15,"sizes":[]}},"elements":[{"id":"12836e92","settings":{"title":"A Brief Heading","header_size":"h6","align_tablet":"center","__globals__":{"typography_typography":"globals\/typography?id=6558fb1"},"align_mobile":"center"},"elements":[],"isInner":false,"widgetType":"heading","elType":"widget"},{"id":"3fd0410","settings":{"title":"Our Story","header_size":"h1","__globals__":{"typography_typography":"globals\/typography?id=b2deeae"},"_background_image":{"url":"","id":""},"_background_image_tablet":{"url":"","id":""},"_background_image_mobile":{"url":"","id":""},"_background_video_fallback":{"url":"","id":""},"_background_hover_image":{"url":"","id":""},"_background_hover_image_tablet":{"url":"","id":""},"_background_hover_image_mobile":{"url":"","id":""},"_background_hover_video_fallback":{"url":"","id":""},"_mask_image":{"url":"","id":""},"align_tablet":"center","align_mobile":"center"},"elements":[],"isInner":false,"widgetType":"heading","elType":"widget"},{"id":"662ba29b","settings":{"editor":"Use this section to describe your company and the services you offer. You could share your company\u2019s story and details about why you are in business. The goal is to create a connection with the visitor and give them confidence to work with you.","_element_custom_width":{"unit":"px","size":"510","sizes":[]},"align_mobile":"center","_animation":"fadeIn","_animation_delay":400,"align_tablet":"center"},"elements":[],"isInner":false,"widgetType":"text-editor","elType":"widget"}],"isInner":false,"elType":"container"}],"isInner":false,"elType":"container"},{"id":"243b162b","settings":{"flex_gap":{"size":8,"unit":"%"},"content_position":"middle","structure":"32","margin":{"unit":"%","top":"12","right":"0","bottom":"0","left":"0","isLinked":""},"padding":{"unit":"%","top":"0","right":"0","bottom":"0","left":"8","isLinked":false},"padding_tablet":{"unit":"%","top":"0","right":"5","bottom":"0","left":"5","isLinked":""},"margin_tablet":{"unit":"%","top":"25","right":"0","bottom":"0","left":"0","isLinked":""},"margin_mobile":{"unit":"%","top":"35","right":"0","bottom":"0","left":"0","isLinked":""},"_title":"About Your Services","custom_height":{"unit":"px","size":749,"sizes":[]},"flex_align_items":"stretch","custom_height_tablet":{"unit":"px","size":535,"sizes":[]},"padding_mobile":{"unit":"%","top":"0","right":"8","bottom":"0","left":"8","isLinked":false},"flex_direction":"row","content_width":"full","min_height":{"unit":"px","size":740,"sizes":[]},"min_height_tablet":{"unit":"px","size":0,"sizes":[]},"flex_justify_content":"space-between","flex_gap_tablet":{"unit":"px","size":50,"sizes":[]},"flex_gap_mobile":{"unit":"px","size":30,"sizes":[]},"flex_wrap_tablet":"wrap"},"elements":[{"id":"46fd6c19","settings":{"_column_size":25,"padding":{"unit":"%","top":"","right":"","bottom":"","left":"","isLinked":true},"width_tablet":{"size":100,"unit":"%"},"margin_tablet":{"unit":"%","top":"","right":"","bottom":"","left":"","isLinked":true},"width":{"size":42,"unit":"%"},"margin_mobile":{"unit":"%","top":"","right":"","bottom":"","left":"","isLinked":true},"padding_tablet":{"unit":"%","top":"","right":"","bottom":"","left":"","isLinked":true},"content_width":"full","flex_direction":"column","flex_justify_content":"center","flex_align_items_tablet":"center","flex_gap":{"unit":"px","size":20,"sizes":[]}},"elements":[{"id":"642346c5","settings":{"title":"Our Mission","align_tablet":"center","_margin":{"unit":"%","top":"","right":"","bottom":"","left":"","isLinked":true},"_margin_tablet":{"unit":"%","top":"","right":"","bottom":"","left":"","isLinked":true},"_margin_mobile":{"unit":"%","top":"","right":"","bottom":"","left":"","isLinked":true}},"elements":[],"isInner":false,"widgetType":"heading","elType":"widget"},{"id":"14575f6a","settings":{"editor":"<p>A paragraph describing your company's goals or mission statement. This section is meant to help visitors understand the purpose of your business.<\/p>","_element_custom_width":{"unit":"px","size":618,"sizes":[]},"align_tablet":"center","_element_width":"initial","_element_width_mobile":"inherit"},"elements":[],"isInner":false,"widgetType":"text-editor","elType":"widget"}],"isInner":false,"elType":"container"},{"id":"e1c9ce9","settings":{"_column_size":50,"width_tablet":{"size":100,"unit":"%"},"width":{"size":58,"unit":"%"},"background_background":"classic","background_image":{"url":"","id":"","alt":"","source":"library"},"background_position":"center center","background_repeat":"no-repeat","background_size":"cover","flex_justify_content":"flex-end","margin_mobile":{"unit":"%","top":"","right":"","bottom":"","left":"","isLinked":true},"padding":{"unit":"%","top":"","right":"","bottom":"","left":"","isLinked":true},"padding_tablet":{"unit":"%","top":"","right":"","bottom":"","left":"","isLinked":true},"padding_mobile":{"unit":"%","top":"","right":"","bottom":"","left":"","isLinked":true},"content_width":"full","flex_direction":"row","flex_gap":{"unit":"%","size":5,"sizes":[]},"flex_gap_tablet":{"unit":"%","size":"","sizes":[]},"flex_gap_mobile":{"unit":"px","size":30,"sizes":[]}},"elements":[{"id":"1105a178","settings":{"image":{"url":"https:\/\/library.elementor.com\/local-services-wireframe-2\/wp-content\/uploads\/sites\/190\/2022\/01\/Sourdough_Bread2.jpg","id":914,"alt":"","source":"library"},"align":"right","width":{"unit":"%","size":100,"sizes":[]},"height":{"unit":"px","size":497,"sizes":[]},"height_tablet":{"unit":"px","size":370,"sizes":[]},"height_mobile":{"unit":"px","size":305,"sizes":[]},"object-fit":"cover","image_size":"full","_flex_align_self":"flex-end"},"elements":[],"isInner":false,"widgetType":"image","elType":"widget"},{"id":"56eb71d6","settings":{"image":{"url":"https:\/\/library.elementor.com\/local-services-wireframe-2\/wp-content\/uploads\/sites\/190\/2022\/01\/Sourdough_Bread1.jpg","id":915,"alt":"","source":"library"},"align":"right","width":{"unit":"%","size":100,"sizes":[]},"image_size":"full"},"elements":[],"isInner":false,"widgetType":"image","elType":"widget"}],"isInner":false,"elType":"container"}],"isInner":false,"elType":"container"},{"id":"454aa4f5","settings":{"flex_gap":{"size":65,"unit":"px"},"padding":{"unit":"%","top":"0","right":"8","bottom":"0","left":"8","isLinked":""},"margin":{"unit":"%","top":"12","right":"0","bottom":"0","left":"0","isLinked":""},"padding_tablet":{"unit":"%","top":"0","right":"5","bottom":"0","left":"5","isLinked":""},"margin_tablet":{"unit":"%","top":"25","right":"0","bottom":"0","left":"0","isLinked":""},"margin_mobile":{"unit":"%","top":"35","right":"0","bottom":"0","left":"0","isLinked":""},"_title":"Why Choose Us","padding_mobile":{"unit":"%","top":"0","right":"8","bottom":"0","left":"8","isLinked":false},"flex_direction":"column","flex_align_items":"stretch","flex_gap_mobile":{"unit":"%","size":"","sizes":[]}},"elements":[{"id":"609f773c","settings":{"title":"Why Choose Us","align":"center","__globals__":{"typography_typography":"globals\/typography?id=primary"}},"elements":[],"isInner":false,"widgetType":"heading","elType":"widget"},{"id":"4b6b586","settings":{"content_width":"full","flex_gap":{"size":3,"unit":"%"},"structure":"40","margin":{"unit":"%","top":"","right":"","bottom":"","left":"","isLinked":true},"margin_mobile":{"unit":"%","top":"","right":"","bottom":"","left":"","isLinked":true},"content_position":"middle","margin_tablet":{"unit":"%","top":"","right":"","bottom":"","left":"","isLinked":true},"flex_direction":"row","flex_align_items":"stretch","min_height":{"unit":"px","size":215,"sizes":[]},"flex_justify_content_tablet":"center","flex_gap_tablet":{"unit":"px","size":25,"sizes":[]},"flex_gap_mobile":{"unit":"%","size":"","sizes":[]},"flex_wrap_tablet":"wrap"},"elements":[{"id":"6aa6c5dc","settings":{"_column_size":"25","margin":{"unit":"%","top":"","right":"","bottom":"","left":"","isLinked":true},"width_tablet":{"size":48,"unit":"%"},"margin_tablet":{"unit":"%","top":"","right":"","bottom":"","left":"","isLinked":true},"background_background":"classic","__globals__":{"background_color":"globals\/colors?id=secondary"},"padding":{"unit":"%","top":"3","right":"4","bottom":"3","left":"4","isLinked":false},"padding_tablet":{"unit":"%","top":"10","right":"10","bottom":"10","left":"10","isLinked":true},"padding_mobile":{"unit":"%","top":"15","right":"15","bottom":"15","left":"15","isLinked":true},"content_width":"full","width_mobile":{"unit":"%","size":"","sizes":[]},"flex_direction":"column","flex_justify_content":"center"},"elements":[{"id":"38eb14e8","settings":{"title":"Benefit 1","header_size":"h4","align":"center","__globals__":{"typography_typography":"globals\/typography?id=392b9e0"}},"elements":[],"isInner":false,"widgetType":"heading","elType":"widget"},{"id":"7ea228fa","settings":{"width":{"unit":"px","size":29,"sizes":[]},"width_tablet":{"unit":"px","size":"","sizes":[]},"width_mobile":{"unit":"px","size":"","sizes":[]},"align":"center","text":"Divider","weight":{"unit":"px","size":3,"sizes":[]},"gap":{"unit":"px","size":10,"sizes":[]},"__globals__":{"color":"globals\/colors?id=14ef391"}},"elements":[],"isInner":false,"widgetType":"divider","elType":"widget"},{"id":"3c82ac01","settings":{"editor":"A short description of the benefit.","align":"center"},"elements":[],"isInner":false,"widgetType":"text-editor","elType":"widget"}],"isInner":false,"elType":"container"},{"id":"689f8e89","settings":{"_column_size":"25","margin":{"unit":"%","top":"","right":"","bottom":"","left":"","isLinked":true},"width_tablet":{"size":48,"unit":"%"},"margin_tablet":{"unit":"%","top":"","right":"","bottom":"","left":"","isLinked":true},"margin_mobile":{"unit":"%","top":"","right":"","bottom":"","left":"","isLinked":true},"background_background":"classic","padding":{"unit":"%","top":"3","right":"4","bottom":"3","left":"4","isLinked":false},"padding_tablet":{"unit":"%","top":"10","right":"10","bottom":"10","left":"10","isLinked":true},"padding_mobile":{"unit":"%","top":"15","right":"15","bottom":"15","left":"15","isLinked":true},"__globals__":{"background_color":"globals\/colors?id=secondary"},"content_width":"full","width_mobile":{"unit":"%","size":"","sizes":[]},"flex_direction":"column","flex_justify_content":"center"},"elements":[{"id":"d509a35","settings":{"title":"Benefit 2","header_size":"h4","align":"center","__globals__":{"typography_typography":"globals\/typography?id=392b9e0"}},"elements":[],"isInner":false,"widgetType":"heading","elType":"widget"},{"id":"43edb4eb","settings":{"width":{"unit":"px","size":29,"sizes":[]},"width_tablet":{"unit":"px","size":"","sizes":[]},"width_mobile":{"unit":"px","size":"","sizes":[]},"align":"center","text":"Divider","weight":{"unit":"px","size":3,"sizes":[]},"gap":{"unit":"px","size":10,"sizes":[]},"__globals__":{"color":"globals\/colors?id=14ef391"}},"elements":[],"isInner":false,"widgetType":"divider","elType":"widget"},{"id":"5b85cba","settings":{"editor":"A short description of the benefit.","align":"center"},"elements":[],"isInner":false,"widgetType":"text-editor","elType":"widget"}],"isInner":false,"elType":"container"},{"id":"1b7d7832","settings":{"_column_size":"25","margin":{"unit":"%","top":"","right":"","bottom":"","left":"","isLinked":true},"width_tablet":{"size":48,"unit":"%"},"margin_tablet":{"unit":"%","top":"","right":"","bottom":"","left":"","isLinked":true},"margin_mobile":{"unit":"%","top":"","right":"","bottom":"","left":"","isLinked":true},"background_background":"classic","padding":{"unit":"%","top":"3","right":"4","bottom":"3","left":"4","isLinked":false},"padding_tablet":{"unit":"%","top":"10","right":"10","bottom":"10","left":"10","isLinked":true},"padding_mobile":{"unit":"%","top":"15","right":"15","bottom":"15","left":"15","isLinked":true},"__globals__":{"background_color":"globals\/colors?id=secondary"},"content_width":"full","width_mobile":{"unit":"%","size":"","sizes":[]},"flex_direction":"column","flex_justify_content":"center"},"elements":[{"id":"57b42908","settings":{"title":"Benefit 3","header_size":"h4","align":"center","__globals__":{"typography_typography":"globals\/typography?id=392b9e0"}},"elements":[],"isInner":false,"widgetType":"heading","elType":"widget"},{"id":"68e1194b","settings":{"width":{"unit":"px","size":29,"sizes":[]},"width_tablet":{"unit":"px","size":"","sizes":[]},"width_mobile":{"unit":"px","size":"","sizes":[]},"align":"center","text":"Divider","weight":{"unit":"px","size":3,"sizes":[]},"gap":{"unit":"px","size":10,"sizes":[]},"__globals__":{"color":"globals\/colors?id=14ef391"}},"elements":[],"isInner":false,"widgetType":"divider","elType":"widget"},{"id":"45247fb7","settings":{"editor":"A short description of the benefit.","align":"center"},"elements":[],"isInner":false,"widgetType":"text-editor","elType":"widget"}],"isInner":false,"elType":"container"},{"id":"5fa27416","settings":{"_column_size":"25","margin":{"unit":"%","top":"","right":"","bottom":"","left":"","isLinked":true},"width_tablet":{"size":48,"unit":"%"},"margin_tablet":{"unit":"%","top":"","right":"","bottom":"","left":"","isLinked":true},"margin_mobile":{"unit":"%","top":"","right":"","bottom":"","left":"","isLinked":true},"background_background":"classic","padding":{"unit":"%","top":"3","right":"4","bottom":"3","left":"4","isLinked":false},"__globals__":{"background_color":"globals\/colors?id=secondary"},"padding_tablet":{"unit":"%","top":"10","right":"10","bottom":"10","left":"10","isLinked":true},"padding_mobile":{"unit":"%","top":"15","right":"15","bottom":"15","left":"15","isLinked":true},"content_width":"full","width_mobile":{"unit":"%","size":"","sizes":[]},"flex_direction":"column","flex_justify_content":"center"},"elements":[{"id":"3a759ff","settings":{"title":"Benefit 4","header_size":"h4","align":"center","__globals__":{"typography_typography":"globals\/typography?id=392b9e0"}},"elements":[],"isInner":false,"widgetType":"heading","elType":"widget"},{"id":"d83f3d9","settings":{"width":{"unit":"px","size":29,"sizes":[]},"width_tablet":{"unit":"px","size":"","sizes":[]},"width_mobile":{"unit":"px","size":"","sizes":[]},"align":"center","text":"Divider","weight":{"unit":"px","size":3,"sizes":[]},"gap":{"unit":"px","size":10,"sizes":[]},"__globals__":{"color":"globals\/colors?id=14ef391"}},"elements":[],"isInner":false,"widgetType":"divider","elType":"widget"},{"id":"2681ab39","settings":{"editor":"A short description of the benefit.","align":"center"},"elements":[],"isInner":false,"widgetType":"text-editor","elType":"widget"}],"isInner":false,"elType":"container"}],"isInner":false,"elType":"container"}],"isInner":false,"elType":"container"},{"id":"70f32211","settings":{"layout":"full_width","flex_gap":{"size":50,"unit":"px"},"padding":{"unit":"%","top":"0","right":"8","bottom":"0","left":"8","isLinked":""},"margin":{"unit":"%","top":"12","right":"0","bottom":"0","left":"0","isLinked":""},"padding_tablet":{"unit":"%","top":"0","right":"5","bottom":"0","left":"5","isLinked":""},"margin_tablet":{"unit":"%","top":"25","right":"0","bottom":"0","left":"0","isLinked":""},"margin_mobile":{"unit":"%","top":"35","right":"0","bottom":"0","left":"0","isLinked":""},"_title":"Testimonials","flex_direction":"column","flex_align_items":"stretch","flex_gap_tablet":{"unit":"%","size":"","sizes":[]},"flex_gap_mobile":{"unit":"%","size":"","sizes":[]},"padding_mobile":{"unit":"%","top":"0","right":"8","bottom":"0","left":"8","isLinked":false}},"elements":[{"id":"6d62f0ec","settings":{"title":"Client Testimonials","align":"center","__globals__":{"typography_typography":"globals\/typography?id=primary"}},"elements":[],"isInner":false,"widgetType":"heading","elType":"widget"},{"id":"31485621","settings":{"_column_size":"100","align":"center","content_width":"full","width_tablet":{"unit":"%","size":"","sizes":[]},"width_mobile":{"unit":"%","size":"","sizes":[]},"flex_direction":"row","flex_direction_tablet":"column","flex_justify_content":"space-between","flex_gap":{"unit":"px","size":135,"sizes":[]},"flex_gap_tablet":{"unit":"px","size":60,"sizes":[]},"padding_tablet":{"unit":"%","top":"0","right":"15","bottom":"0","left":"15","isLinked":false},"padding_mobile":{"unit":"%","top":"0","right":"0","bottom":"0","left":"0","isLinked":false}},"elements":[{"id":"58f9e4e","settings":{"testimonial_content":"\u201cA testimonial from a client who benefited from your product or service. Testimonials can be a highly effective way of establishing credibility and increasing your company's reputation.\u201d","testimonial_name":"Client Name","testimonial_job":"","testimonial_alignment":"left","image_size":{"unit":"px","size":"63","sizes":[]},"__globals__":{"name_typography_typography":"globals\/typography?id=397e168","image_border_color":"globals\/colors?id=14ef391"},"testimonial_image":{"id":1609,"url":"https:\/\/library.elementor.com\/local-services-wireframe-2-flexbox\/wp-content\/uploads\/sites\/267\/2023\/06\/63x63.jpg"},"image_border_radius":{"unit":"px","top":"50","right":"50","bottom":"50","left":"50","isLinked":"1"},"image_border_width":{"unit":"px","top":"1","right":"1","bottom":"1","left":"1","isLinked":true},"_element_width":"initial","_element_width_tablet":"inherit","_element_custom_width":{"unit":"%","size":33,"sizes":[]}},"elements":[],"isInner":false,"widgetType":"testimonial","elType":"widget"},{"id":"5913ec92","settings":{"testimonial_content":"\u201cA testimonial from a client who benefited from your product or service. Testimonials can be a highly effective way of establishing credibility and increasing your company's reputation.\u201d","testimonial_name":"Client Name","testimonial_job":"","testimonial_alignment":"left","image_size":{"unit":"px","size":"63","sizes":[]},"__globals__":{"name_typography_typography":"globals\/typography?id=397e168","image_border_color":"globals\/colors?id=14ef391"},"testimonial_image":{"id":1609,"url":"https:\/\/library.elementor.com\/local-services-wireframe-2-flexbox\/wp-content\/uploads\/sites\/267\/2023\/06\/63x63.jpg"},"image_border_radius":{"unit":"px","top":"50","right":"50","bottom":"50","left":"50","isLinked":"1"},"image_border_width":{"unit":"px","top":"1","right":"1","bottom":"1","left":"1","isLinked":true},"_element_width":"initial","_element_width_tablet":"inherit","_element_custom_width":{"unit":"%","size":33,"sizes":[]}},"elements":[],"isInner":false,"widgetType":"testimonial","elType":"widget"},{"id":"7c5a6286","settings":{"testimonial_content":"\u201cA testimonial from a client who benefited from your product or service. Testimonials can be a highly effective way of establishing credibility and increasing your company's reputation.\u201d","testimonial_name":"Client Name","testimonial_job":"","testimonial_alignment":"left","image_size":{"unit":"px","size":"63","sizes":[]},"__globals__":{"name_typography_typography":"globals\/typography?id=397e168","image_border_color":"globals\/colors?id=14ef391"},"testimonial_image":{"id":1609,"url":"https:\/\/library.elementor.com\/local-services-wireframe-2-flexbox\/wp-content\/uploads\/sites\/267\/2023\/06\/63x63.jpg"},"image_border_radius":{"unit":"px","top":"50","right":"50","bottom":"50","left":"50","isLinked":"1"},"image_border_width":{"unit":"px","top":"1","right":"1","bottom":"1","left":"1","isLinked":true},"_element_width":"initial","_element_width_tablet":"inherit","_element_custom_width":{"unit":"%","size":33,"sizes":[]}},"elements":[],"isInner":false,"widgetType":"testimonial","elType":"widget"}],"isInner":false,"elType":"container"}],"isInner":false,"elType":"container"},{"id":"37cda134","settings":{"layout":"full_width","flex_gap":{"size":0,"unit":"px"},"margin":{"unit":"%","top":"12","right":"0","bottom":"0","left":"0","isLinked":""},"margin_tablet":{"unit":"%","top":"25","right":"0","bottom":"0","left":"0","isLinked":""},"margin_mobile":{"unit":"%","top":"35","right":"0","bottom":"0","left":"0","isLinked":""},"_title":"CTA","flex_direction":"column","flex_align_items":"stretch","min_height":{"unit":"px","size":620,"sizes":[]},"min_height_tablet":{"unit":"vh","size":65,"sizes":[]},"min_height_mobile":{"unit":"px","size":380,"sizes":[]},"flex_justify_content":"center","background_background":"classic","background_image":{"id":1622,"url":"https:\/\/library.elementor.com\/local-services-wireframe-2-flexbox\/wp-content\/uploads\/sites\/267\/2023\/06\/Image_Placeholder-13122021.jpg"},"background_position":"center right","background_position_mobile":"top center","background_repeat":"no-repeat","background_size":"contain","padding":{"unit":"%","top":"0","right":"50","bottom":"0","left":"8","isLinked":false},"padding_tablet":{"unit":"%","top":"0","right":"20","bottom":"0","left":"20","isLinked":false},"padding_mobile":{"unit":"%","top":"0","right":"8","bottom":"0","left":"8","isLinked":false},"__globals__":{"background_color":"globals\/colors?id=secondary"},"content_width":"full"},"elements":[{"id":"5036cb9","settings":{"layout":"right","bg_image":{"url":"","id":""},"bg_image_size":"full","title":"A Title to Turn the Visitor Into a Lead","description":"This is your chance to emphasize why the visitor should contact you right now.","button":"Contact us","alignment":"left","vertical_position":"middle","padding":{"unit":"%","top":"0","right":"0","bottom":"0","left":"0","isLinked":false},"image_min_width":{"unit":"%","size":"","sizes":[]},"description_spacing":{"unit":"px","size":"30","sizes":[]},"button_size":"md","button_border_width":{"unit":"px","size":"1","sizes":[]},"button_border_radius":{"unit":"px","size":"50","sizes":[]},"__globals__":{"title_typography_typography":"globals\/typography?id=primary","description_typography_typography":"globals\/typography?id=c05b693","content_bg_color":"globals\/colors?id=86b4fcd","title_color":"globals\/colors?id=primary","description_color":"globals\/colors?id=text","button_border_color":"globals\/colors?id=accent","button_background_color":"globals\/colors?id=accent","button_text_color":"globals\/colors?id=d6cea4e","button_hover_background_color":"globals\/colors?id=86b4fcd","button_hover_text_color":"globals\/colors?id=accent","overlay_color_hover":"globals\/colors?id=86b4fcd"},"layout_mobile":"above","min-height_tablet":{"unit":"vh","size":"","sizes":[]},"padding_tablet":{"unit":"%","top":"","right":"","bottom":"","left":"","isLinked":true},"image_min_width_tablet":{"unit":"%","size":"","sizes":[]},"image_min_width_mobile":{"unit":"%","size":"","sizes":[]},"padding_mobile":{"unit":"%","top":"","right":"","bottom":"","left":"","isLinked":true},"image_min_height_tablet":{"unit":"vh","size":"","sizes":[]},"link":{"url":"https:\/\/library.elementor.com\/local-services-wireframe-1\/contact\/","is_external":"","nofollow":"","custom_attributes":""},"graphic_image":{"id":1621,"url":"https:\/\/library.elementor.com\/local-services-wireframe-2-flexbox\/wp-content\/uploads\/sites\/267\/2023\/06\/placeholder.png"},"__dynamic__":{"link":"[elementor-tag id=\"b644fa8\" name=\"internal-url\" settings=\"%7B%22type%22%3A%22post%22%2C%22post_id%22%3A%2217%22%7D\"]"},"title_typography_typography":"custom","title_typography_font_family":"Poppins","title_typography_font_size":{"unit":"px","size":65,"sizes":[]},"title_typography_font_size_tablet":{"unit":"px","size":45,"sizes":[]},"title_typography_font_size_mobile":{"unit":"px","size":28,"sizes":[]},"title_typography_font_weight":"600","title_typography_text_transform":"none","title_typography_font_style":"normal","title_typography_text_decoration":"none","title_typography_line_height":{"unit":"em","size":1.2,"sizes":[]},"title_typography_line_height_mobile":{"unit":"em","size":1.1,"sizes":[]},"title_typography_letter_spacing":{"unit":"px","size":0,"sizes":[]},"description_typography_typography":"custom","description_typography_font_family":"Poppins","description_typography_font_size":{"unit":"px","size":22,"sizes":[]},"description_typography_font_size_tablet":{"unit":"px","size":14,"sizes":[]},"description_typography_font_weight":"300","description_typography_text_transform":"none","description_typography_font_style":"normal","description_typography_text_decoration":"none","description_typography_line_height":{"unit":"em","size":1.5,"sizes":[]},"description_typography_letter_spacing":{"unit":"px","size":0,"sizes":[]},"title_color":"#1C244B","description_color":"#324A6D","button_text_color":"#FFFFFF","button_background_color":"#467FF7","button_border_color":"#467FF7","button_hover_text_color":"#467FF7","button_hover_background_color":"#02010100","overlay_color_hover":"#02010100","_element_width":"initial","_element_width_tablet":"inherit","_element_custom_width":{"unit":"px","size":610,"sizes":[]},"alignment_tablet":"center"},"elements":[],"isInner":false,"widgetType":"call-to-action","elType":"widget"}],"isInner":false,"elType":"container"}],"settings":{"template":"elementor_header_footer"},"metadata":[]}