{"content":[{"id":"25a8cae7","settings":{"flex_gap":{"size":60,"unit":"px"},"min_height":{"unit":"vh","size":"","sizes":[]},"flex_align_items":"stretch","content_position":"middle","margin":{"unit":"%","top":"2","right":"0","bottom":"0","left":"0","isLinked":false},"padding":{"unit":"%","top":"","right":"","bottom":"","left":"","isLinked":true},"min_height_tablet":{"unit":"vh","size":"","sizes":[]},"min_height_mobile":{"unit":"vh","size":30,"sizes":[]},"margin_tablet":{"unit":"%","top":"","right":"","bottom":"","left":"","isLinked":"1"},"margin_mobile":{"unit":"%","top":"0","right":"0","bottom":"0","left":"0","isLinked":false},"padding_tablet":{"unit":"%","top":"","right":"","bottom":"","left":"","isLinked":true},"padding_mobile":{"unit":"%","top":"","right":"","bottom":"","left":"","isLinked":true},"_title":"Hero","flex_direction":"column","flex_gap_mobile":{"unit":"px","size":35,"sizes":[]}},"elements":[{"id":"1163c694","settings":{"_column_size":100,"width":{"size":null,"unit":"%"},"padding":{"unit":"%","top":"0","right":"8","bottom":"0","left":"8","isLinked":false},"padding_mobile":{"unit":"%","top":"0","right":"8","bottom":"0","left":"8","isLinked":false},"padding_tablet":{"unit":"%","top":"0","right":"5","bottom":"0","left":"5","isLinked":false},"width_tablet":{"size":"100","unit":"%"},"content_width":"full","flex_gap":{"unit":"px","size":10,"sizes":[]}},"elements":[{"id":"37455a3","settings":{"title":"Our Services","header_size":"h1","__globals__":{"typography_typography":"globals\/typography?id=b2deeae"},"align":"center","_margin":{"unit":"%","top":"","right":"","bottom":"","left":"","isLinked":true},"_margin_tablet":{"unit":"%","top":"","right":"","bottom":"","left":"","isLinked":true},"_margin_mobile":{"unit":"%","top":"","right":"","bottom":"","left":"","isLinked":true},"_animation":"fadeIn"},"elements":[],"isInner":false,"widgetType":"heading","elType":"widget"},{"id":"3b43db54","settings":{"title":"This text briefly introduces visitors to your main services.","align":"center","_padding":{"unit":"%","top":"","right":"","bottom":"","left":"","isLinked":true},"__globals__":{"typography_typography":"globals\/typography?id=text"},"_animation":"fadeIn","_animation_delay":400},"elements":[],"isInner":false,"widgetType":"heading","elType":"widget"}],"isInner":false,"elType":"container"},{"id":"1fca85c4","settings":{"content_width":"full","min_height":{"unit":"px","size":600,"sizes":[]},"min_height_tablet":{"unit":"px","size":350,"sizes":[]},"min_height_mobile":{"unit":"px","size":250,"sizes":[]},"flex_direction":"column","background_background":"classic","background_image":{"url":"https:\/\/library.elementor.com\/local-services-wireframe-2-flexbox\/wp-content\/uploads\/sites\/267\/2021\/12\/Image_Placeholder_2-13122021.jpg","id":712,"size":"","alt":"","source":"library"},"background_position":"center center","background_repeat":"no-repeat","background_size":"cover"},"elements":[],"isInner":false,"elType":"container"}],"isInner":false,"elType":"container"},{"id":"4f8430b3","settings":{"flex_gap":{"size":0,"unit":"px"},"structure":"20","margin":{"unit":"%","top":"12","right":"0","bottom":"0","left":"0","isLinked":false},"margin_tablet":{"unit":"%","top":"16","right":0,"bottom":"0","left":0,"isLinked":false},"margin_mobile":{"unit":"%","top":"25","right":"0","bottom":"0","left":"0","isLinked":false},"padding":{"unit":"%","top":"0","right":"8","bottom":"0","left":"8","isLinked":false},"padding_tablet":{"unit":"%","top":"0","right":"5","bottom":"0","left":"5","isLinked":false},"padding_mobile":{"unit":"%","top":"0","right":"8","bottom":"0","left":"8","isLinked":false},"_title":"Service List","flex_direction":"row","flex_align_items":"stretch","flex_justify_content":"space-between","flex_gap_tablet":{"unit":"px","size":50,"sizes":[]},"flex_wrap":"wrap"},"elements":[{"id":"66c691b4","settings":{"structure":"20","margin_tablet":{"unit":"%","top":"0","right":0,"bottom":"0","left":0,"isLinked":false},"margin_mobile":{"unit":"%","top":"","right":"","bottom":"","left":"","isLinked":true},"width":{"unit":"%","size":48,"sizes":[]},"height_inner":"min-height","custom_height_inner":{"unit":"px","size":340,"sizes":[]},"flex_direction":"row","flex_align_items":"stretch","flex_gap":{"size":0,"unit":"px"},"content_width":"full","width_tablet":{"unit":"%","size":100,"sizes":[]},"width_mobile":{"unit":"%","size":"","sizes":[]}},"elements":[{"id":"7cc173af","settings":{"_column_size":50,"width":{"size":340,"unit":"px"},"flex_justify_content":"center","align":"center","background_background":"classic","background_image":{"url":"https:\/\/library.elementor.com\/local-services-wireframe-2\/wp-content\/uploads\/sites\/190\/2022\/01\/Wierframe-bread_menu.jpg","id":986,"alt":"","source":"library"},"background_position":"center center","background_repeat":"no-repeat","background_size":"cover","content_width":"full","min_height":{"unit":"px","size":340,"sizes":[]}},"elements":[],"isInner":false,"elType":"container"},{"id":"591f9b37","settings":{"_column_size":50,"width":{"size":50,"unit":"%"},"padding":{"unit":"%","top":"0","right":"0","bottom":"0","left":"8","isLinked":false},"padding_tablet":{"unit":"%","top":"","right":"","bottom":"","left":"","isLinked":true},"padding_mobile":{"unit":"%","top":"10","right":"8","bottom":"10","left":"8","isLinked":false},"content_width":"full","flex_direction":"column","flex_justify_content":"center"},"elements":[{"id":"16fa52b6","settings":{"title":"Service 1","__globals__":{"typography_typography":"globals\/typography?id=secondary"},"align_mobile":"center"},"elements":[],"isInner":false,"widgetType":"heading","elType":"widget"},{"id":"44dfc547","settings":{"text":"Divider","__globals__":{"color":"globals\/colors?id=14ef391"},"width_tablet":{"unit":"px","size":"","sizes":[]},"width_mobile":{"unit":"%","size":100,"sizes":[]},"align_mobile":"center"},"elements":[],"isInner":false,"widgetType":"divider","elType":"widget"},{"id":"648c5f5d","settings":{"editor":"A short description of this service and how it helps clients.","__globals__":{"text_color":"globals\/colors?id=primary"},"align_mobile":"center"},"elements":[],"isInner":false,"widgetType":"text-editor","elType":"widget"}],"isInner":false,"elType":"container"}],"isInner":false,"elType":"container"},{"id":"4a9cd723","settings":{"structure":"20","margin_tablet":{"unit":"%","top":"0","right":0,"bottom":"0","left":0,"isLinked":false},"margin_mobile":{"unit":"%","top":"","right":"","bottom":"","left":"","isLinked":true},"width":{"unit":"%","size":48,"sizes":[]},"height_inner":"min-height","custom_height_inner":{"unit":"px","size":340,"sizes":[]},"flex_direction":"row","flex_align_items":"stretch","flex_gap":{"size":0,"unit":"px"},"content_width":"full","width_tablet":{"unit":"%","size":100,"sizes":[]},"width_mobile":{"unit":"%","size":"","sizes":[]}},"elements":[{"id":"4172b5af","settings":{"_column_size":50,"width":{"size":340,"unit":"px"},"flex_justify_content":"center","align":"center","background_background":"classic","background_image":{"url":"https:\/\/library.elementor.com\/local-services-wireframe-2\/wp-content\/uploads\/sites\/190\/2022\/01\/Wierframe-bread_menu.jpg","id":986,"alt":"","source":"library"},"background_position":"center center","background_repeat":"no-repeat","background_size":"cover","content_width":"full","min_height":{"unit":"px","size":340,"sizes":[]}},"elements":[],"isInner":false,"elType":"container"},{"id":"563ce5e0","settings":{"_column_size":50,"width":{"size":50,"unit":"%"},"padding":{"unit":"%","top":"0","right":"0","bottom":"0","left":"8","isLinked":false},"padding_tablet":{"unit":"%","top":"","right":"","bottom":"","left":"","isLinked":true},"padding_mobile":{"unit":"%","top":"10","right":"8","bottom":"10","left":"8","isLinked":false},"content_width":"full","flex_direction":"column","flex_justify_content":"center"},"elements":[{"id":"756f131e","settings":{"title":"Service 2","__globals__":{"typography_typography":"globals\/typography?id=secondary"},"align_mobile":"center"},"elements":[],"isInner":false,"widgetType":"heading","elType":"widget"},{"id":"1c43de5b","settings":{"text":"Divider","__globals__":{"color":"globals\/colors?id=14ef391"},"width_tablet":{"unit":"px","size":"","sizes":[]},"width_mobile":{"unit":"%","size":100,"sizes":[]},"align_mobile":"center"},"elements":[],"isInner":false,"widgetType":"divider","elType":"widget"},{"id":"130cb5b5","settings":{"editor":"A short description of this service and how it helps clients.","__globals__":{"text_color":"globals\/colors?id=primary"},"align_mobile":"center"},"elements":[],"isInner":false,"widgetType":"text-editor","elType":"widget"}],"isInner":false,"elType":"container"}],"isInner":false,"elType":"container"},{"id":"527f3161","settings":{"structure":"20","margin_tablet":{"unit":"%","top":"0","right":0,"bottom":"0","left":0,"isLinked":false},"margin_mobile":{"unit":"%","top":"","right":"","bottom":"","left":"","isLinked":true},"width":{"unit":"%","size":48,"sizes":[]},"height_inner":"min-height","custom_height_inner":{"unit":"px","size":340,"sizes":[]},"flex_direction":"row","flex_align_items":"stretch","flex_gap":{"size":0,"unit":"px"},"content_width":"full","width_tablet":{"unit":"%","size":100,"sizes":[]},"width_mobile":{"unit":"%","size":"","sizes":[]},"margin":{"unit":"%","top":"8","right":"0","bottom":"0","left":"0","isLinked":false}},"elements":[{"id":"3af31d1c","settings":{"_column_size":50,"width":{"size":340,"unit":"px"},"flex_justify_content":"center","align":"center","background_background":"classic","background_image":{"url":"https:\/\/library.elementor.com\/local-services-wireframe-2\/wp-content\/uploads\/sites\/190\/2022\/01\/Wierframe-bread_menu.jpg","id":986,"alt":"","source":"library"},"background_position":"center center","background_repeat":"no-repeat","background_size":"cover","content_width":"full","min_height":{"unit":"px","size":340,"sizes":[]}},"elements":[],"isInner":false,"elType":"container"},{"id":"2793d952","settings":{"_column_size":50,"width":{"size":50,"unit":"%"},"padding":{"unit":"%","top":"0","right":"0","bottom":"0","left":"8","isLinked":false},"padding_tablet":{"unit":"%","top":"","right":"","bottom":"","left":"","isLinked":true},"padding_mobile":{"unit":"%","top":"10","right":"8","bottom":"10","left":"8","isLinked":false},"content_width":"full","flex_direction":"column","flex_justify_content":"center"},"elements":[{"id":"70b46773","settings":{"title":"Service 3","__globals__":{"typography_typography":"globals\/typography?id=secondary"},"align_mobile":"center"},"elements":[],"isInner":false,"widgetType":"heading","elType":"widget"},{"id":"342d3419","settings":{"text":"Divider","__globals__":{"color":"globals\/colors?id=14ef391"},"width_tablet":{"unit":"px","size":"","sizes":[]},"width_mobile":{"unit":"%","size":100,"sizes":[]},"align_mobile":"center"},"elements":[],"isInner":false,"widgetType":"divider","elType":"widget"},{"id":"58ece96a","settings":{"editor":"A short description of this service and how it helps clients.","__globals__":{"text_color":"globals\/colors?id=primary"},"align_mobile":"center"},"elements":[],"isInner":false,"widgetType":"text-editor","elType":"widget"}],"isInner":false,"elType":"container"}],"isInner":false,"elType":"container"},{"id":"225a89b7","settings":{"structure":"20","margin_tablet":{"unit":"%","top":"0","right":0,"bottom":"0","left":0,"isLinked":false},"margin_mobile":{"unit":"%","top":"","right":"","bottom":"","left":"","isLinked":true},"width":{"unit":"%","size":48,"sizes":[]},"height_inner":"min-height","custom_height_inner":{"unit":"px","size":340,"sizes":[]},"flex_direction":"row","flex_align_items":"stretch","flex_gap":{"size":0,"unit":"px"},"content_width":"full","width_tablet":{"unit":"%","size":100,"sizes":[]},"width_mobile":{"unit":"%","size":"","sizes":[]},"margin":{"unit":"%","top":"8","right":"0","bottom":"0","left":"0","isLinked":false}},"elements":[{"id":"57d6684f","settings":{"_column_size":50,"width":{"size":340,"unit":"px"},"flex_justify_content":"center","align":"center","background_background":"classic","background_image":{"url":"https:\/\/library.elementor.com\/local-services-wireframe-2\/wp-content\/uploads\/sites\/190\/2022\/01\/Wierframe-bread_menu.jpg","id":986,"alt":"","source":"library"},"background_position":"center center","background_repeat":"no-repeat","background_size":"cover","content_width":"full","min_height":{"unit":"px","size":340,"sizes":[]}},"elements":[],"isInner":false,"elType":"container"},{"id":"328b7604","settings":{"_column_size":50,"width":{"size":50,"unit":"%"},"padding":{"unit":"%","top":"0","right":"0","bottom":"0","left":"8","isLinked":false},"padding_tablet":{"unit":"%","top":"","right":"","bottom":"","left":"","isLinked":true},"padding_mobile":{"unit":"%","top":"10","right":"8","bottom":"10","left":"8","isLinked":false},"content_width":"full","flex_direction":"column","flex_justify_content":"center"},"elements":[{"id":"308e302f","settings":{"title":"Service 4","__globals__":{"typography_typography":"globals\/typography?id=secondary"},"align_mobile":"center"},"elements":[],"isInner":false,"widgetType":"heading","elType":"widget"},{"id":"1777d4ea","settings":{"text":"Divider","__globals__":{"color":"globals\/colors?id=14ef391"},"width_tablet":{"unit":"px","size":"","sizes":[]},"width_mobile":{"unit":"%","size":100,"sizes":[]},"align_mobile":"center"},"elements":[],"isInner":false,"widgetType":"divider","elType":"widget"},{"id":"76a40580","settings":{"editor":"A short description of this service and how it helps clients.","__globals__":{"text_color":"globals\/colors?id=primary"},"align_mobile":"center"},"elements":[],"isInner":false,"widgetType":"text-editor","elType":"widget"}],"isInner":false,"elType":"container"}],"isInner":false,"elType":"container"},{"id":"411c840f","settings":{"structure":"20","margin_tablet":{"unit":"%","top":"0","right":0,"bottom":"0","left":0,"isLinked":false},"margin_mobile":{"unit":"%","top":"","right":"","bottom":"","left":"","isLinked":true},"width":{"unit":"%","size":48,"sizes":[]},"height_inner":"min-height","custom_height_inner":{"unit":"px","size":340,"sizes":[]},"flex_direction":"row","flex_align_items":"stretch","flex_gap":{"size":0,"unit":"px"},"content_width":"full","width_tablet":{"unit":"%","size":100,"sizes":[]},"width_mobile":{"unit":"%","size":"","sizes":[]},"margin":{"unit":"%","top":"8","right":"0","bottom":"0","left":"0","isLinked":false}},"elements":[{"id":"4458bf94","settings":{"_column_size":50,"width":{"size":340,"unit":"px"},"flex_justify_content":"center","align":"center","background_background":"classic","background_image":{"url":"https:\/\/library.elementor.com\/local-services-wireframe-2\/wp-content\/uploads\/sites\/190\/2022\/01\/Wierframe-bread_menu.jpg","id":986,"alt":"","source":"library"},"background_position":"center center","background_repeat":"no-repeat","background_size":"cover","content_width":"full","min_height":{"unit":"px","size":340,"sizes":[]}},"elements":[],"isInner":false,"elType":"container"},{"id":"33f0dbf4","settings":{"_column_size":50,"width":{"size":50,"unit":"%"},"padding":{"unit":"%","top":"0","right":"0","bottom":"0","left":"8","isLinked":false},"padding_tablet":{"unit":"%","top":"","right":"","bottom":"","left":"","isLinked":true},"padding_mobile":{"unit":"%","top":"10","right":"8","bottom":"10","left":"8","isLinked":false},"content_width":"full","flex_direction":"column","flex_justify_content":"center"},"elements":[{"id":"3d6593dd","settings":{"title":"Service 5","__globals__":{"typography_typography":"globals\/typography?id=secondary"},"align_mobile":"center"},"elements":[],"isInner":false,"widgetType":"heading","elType":"widget"},{"id":"3b953169","settings":{"text":"Divider","__globals__":{"color":"globals\/colors?id=14ef391"},"width_tablet":{"unit":"px","size":"","sizes":[]},"width_mobile":{"unit":"%","size":100,"sizes":[]},"align_mobile":"center"},"elements":[],"isInner":false,"widgetType":"divider","elType":"widget"},{"id":"4490ed98","settings":{"editor":"A short description of this service and how it helps clients.","__globals__":{"text_color":"globals\/colors?id=primary"},"align_mobile":"center"},"elements":[],"isInner":false,"widgetType":"text-editor","elType":"widget"}],"isInner":false,"elType":"container"}],"isInner":false,"elType":"container"},{"id":"2b8e0839","settings":{"structure":"20","margin_tablet":{"unit":"%","top":"0","right":0,"bottom":"0","left":0,"isLinked":false},"margin_mobile":{"unit":"%","top":"","right":"","bottom":"","left":"","isLinked":true},"width":{"unit":"%","size":48,"sizes":[]},"height_inner":"min-height","custom_height_inner":{"unit":"px","size":340,"sizes":[]},"flex_direction":"row","flex_align_items":"stretch","flex_gap":{"size":0,"unit":"px"},"content_width":"full","width_tablet":{"unit":"%","size":100,"sizes":[]},"width_mobile":{"unit":"%","size":"","sizes":[]},"margin":{"unit":"%","top":"8","right":"0","bottom":"0","left":"0","isLinked":false}},"elements":[{"id":"4e6044e2","settings":{"_column_size":50,"width":{"size":340,"unit":"px"},"flex_justify_content":"center","align":"center","background_background":"classic","background_image":{"url":"https:\/\/library.elementor.com\/local-services-wireframe-2\/wp-content\/uploads\/sites\/190\/2022\/01\/Wierframe-bread_menu.jpg","id":986,"alt":"","source":"library"},"background_position":"center center","background_repeat":"no-repeat","background_size":"cover","content_width":"full","min_height":{"unit":"px","size":340,"sizes":[]}},"elements":[],"isInner":false,"elType":"container"},{"id":"4f905dc7","settings":{"_column_size":50,"width":{"size":50,"unit":"%"},"padding":{"unit":"%","top":"0","right":"0","bottom":"0","left":"8","isLinked":false},"padding_tablet":{"unit":"%","top":"","right":"","bottom":"","left":"","isLinked":true},"padding_mobile":{"unit":"%","top":"10","right":"8","bottom":"10","left":"8","isLinked":false},"content_width":"full","flex_direction":"column","flex_justify_content":"center"},"elements":[{"id":"38a407e4","settings":{"title":"Service 6","__globals__":{"typography_typography":"globals\/typography?id=secondary"},"align_mobile":"center"},"elements":[],"isInner":false,"widgetType":"heading","elType":"widget"},{"id":"37f51791","settings":{"text":"Divider","__globals__":{"color":"globals\/colors?id=14ef391"},"width_tablet":{"unit":"px","size":"","sizes":[]},"width_mobile":{"unit":"%","size":100,"sizes":[]},"align_mobile":"center"},"elements":[],"isInner":false,"widgetType":"divider","elType":"widget"},{"id":"78133d6b","settings":{"editor":"A short description of this service and how it helps clients.","__globals__":{"text_color":"globals\/colors?id=primary"},"align_mobile":"center"},"elements":[],"isInner":false,"widgetType":"text-editor","elType":"widget"}],"isInner":false,"elType":"container"}],"isInner":false,"elType":"container"},{"id":"9613f69","settings":{"structure":"20","margin_tablet":{"unit":"%","top":"0","right":0,"bottom":"0","left":0,"isLinked":false},"margin_mobile":{"unit":"%","top":"","right":"","bottom":"","left":"","isLinked":true},"width":{"unit":"%","size":48,"sizes":[]},"height_inner":"min-height","custom_height_inner":{"unit":"px","size":340,"sizes":[]},"flex_direction":"row","flex_align_items":"stretch","flex_gap":{"size":0,"unit":"px"},"content_width":"full","width_tablet":{"unit":"%","size":100,"sizes":[]},"width_mobile":{"unit":"%","size":"","sizes":[]},"margin":{"unit":"%","top":"8","right":"0","bottom":"0","left":"0","isLinked":false}},"elements":[{"id":"33702c80","settings":{"_column_size":50,"width":{"size":340,"unit":"px"},"flex_justify_content":"center","align":"center","background_background":"classic","background_image":{"url":"https:\/\/library.elementor.com\/local-services-wireframe-2\/wp-content\/uploads\/sites\/190\/2022\/01\/Wierframe-bread_menu.jpg","id":986,"alt":"","source":"library"},"background_position":"center center","background_repeat":"no-repeat","background_size":"cover","content_width":"full","min_height":{"unit":"px","size":340,"sizes":[]}},"elements":[],"isInner":false,"elType":"container"},{"id":"56c0c8ee","settings":{"_column_size":50,"width":{"size":50,"unit":"%"},"padding":{"unit":"%","top":"0","right":"0","bottom":"0","left":"8","isLinked":false},"padding_tablet":{"unit":"%","top":"","right":"","bottom":"","left":"","isLinked":true},"padding_mobile":{"unit":"%","top":"10","right":"8","bottom":"10","left":"8","isLinked":false},"content_width":"full","flex_direction":"column","flex_justify_content":"center"},"elements":[{"id":"262e4e1a","settings":{"title":"Service 7","__globals__":{"typography_typography":"globals\/typography?id=secondary"},"align_mobile":"center"},"elements":[],"isInner":false,"widgetType":"heading","elType":"widget"},{"id":"8e926b8","settings":{"text":"Divider","__globals__":{"color":"globals\/colors?id=14ef391"},"width_tablet":{"unit":"px","size":"","sizes":[]},"width_mobile":{"unit":"%","size":100,"sizes":[]},"align_mobile":"center"},"elements":[],"isInner":false,"widgetType":"divider","elType":"widget"},{"id":"7a11796f","settings":{"editor":"A short description of this service and how it helps clients.","__globals__":{"text_color":"globals\/colors?id=primary"},"align_mobile":"center"},"elements":[],"isInner":false,"widgetType":"text-editor","elType":"widget"}],"isInner":false,"elType":"container"}],"isInner":false,"elType":"container"},{"id":"70832886","settings":{"structure":"20","margin_tablet":{"unit":"%","top":"0","right":0,"bottom":"0","left":0,"isLinked":false},"margin_mobile":{"unit":"%","top":"","right":"","bottom":"","left":"","isLinked":true},"width":{"unit":"%","size":48,"sizes":[]},"height_inner":"min-height","custom_height_inner":{"unit":"px","size":340,"sizes":[]},"flex_direction":"row","flex_align_items":"stretch","flex_gap":{"size":0,"unit":"px"},"content_width":"full","width_tablet":{"unit":"%","size":100,"sizes":[]},"width_mobile":{"unit":"%","size":"","sizes":[]},"margin":{"unit":"%","top":"8","right":"0","bottom":"0","left":"0","isLinked":false}},"elements":[{"id":"76f8bbe1","settings":{"_column_size":50,"width":{"size":340,"unit":"px"},"flex_justify_content":"center","align":"center","background_background":"classic","background_image":{"url":"https:\/\/library.elementor.com\/local-services-wireframe-2\/wp-content\/uploads\/sites\/190\/2022\/01\/Wierframe-bread_menu.jpg","id":986,"alt":"","source":"library"},"background_position":"center center","background_repeat":"no-repeat","background_size":"cover","content_width":"full","min_height":{"unit":"px","size":340,"sizes":[]}},"elements":[],"isInner":false,"elType":"container"},{"id":"102d1577","settings":{"_column_size":50,"width":{"size":50,"unit":"%"},"padding":{"unit":"%","top":"0","right":"0","bottom":"0","left":"8","isLinked":false},"padding_tablet":{"unit":"%","top":"","right":"","bottom":"","left":"","isLinked":true},"padding_mobile":{"unit":"%","top":"10","right":"8","bottom":"10","left":"8","isLinked":false},"content_width":"full","flex_direction":"column","flex_justify_content":"center"},"elements":[{"id":"752039c3","settings":{"title":"Service 8","__globals__":{"typography_typography":"globals\/typography?id=secondary"},"align_mobile":"center"},"elements":[],"isInner":false,"widgetType":"heading","elType":"widget"},{"id":"461c1892","settings":{"text":"Divider","__globals__":{"color":"globals\/colors?id=14ef391"},"width_tablet":{"unit":"px","size":"","sizes":[]},"width_mobile":{"unit":"%","size":100,"sizes":[]},"align_mobile":"center"},"elements":[],"isInner":false,"widgetType":"divider","elType":"widget"},{"id":"40f38b45","settings":{"editor":"A short description of this service and how it helps clients.","__globals__":{"text_color":"globals\/colors?id=primary"},"align_mobile":"center"},"elements":[],"isInner":false,"widgetType":"text-editor","elType":"widget"}],"isInner":false,"elType":"container"}],"isInner":false,"elType":"container"}],"isInner":false,"elType":"container"},{"id":"72365be8","settings":{"flex_gap":{"size":8,"unit":"%"},"content_position":"middle","structure":"32","margin":{"unit":"%","top":"12","right":"0","bottom":"0","left":"0","isLinked":""},"padding":{"unit":"%","top":"0","right":"8","bottom":"0","left":"8","isLinked":false},"padding_tablet":{"unit":"%","top":"0","right":"5","bottom":"0","left":"5","isLinked":""},"margin_tablet":{"unit":"%","top":"25","right":"0","bottom":"0","left":"0","isLinked":""},"margin_mobile":{"unit":"%","top":"35","right":"0","bottom":"0","left":"0","isLinked":""},"_title":"About Your Services","custom_height":{"unit":"px","size":749,"sizes":[]},"flex_align_items":"stretch","custom_height_tablet":{"unit":"px","size":535,"sizes":[]},"padding_mobile":{"unit":"%","top":"0","right":"8","bottom":"0","left":"8","isLinked":false},"flex_direction":"row","min_height":{"unit":"px","size":740,"sizes":[]},"min_height_tablet":{"unit":"px","size":0,"sizes":[]},"flex_gap_tablet":{"unit":"px","size":50,"sizes":[]},"flex_gap_mobile":{"unit":"%","size":"","sizes":[]},"flex_wrap_tablet":"wrap"},"elements":[{"id":"2e8b6a95","settings":{"_column_size":25,"padding":{"unit":"%","top":"","right":"","bottom":"","left":"","isLinked":true},"width_tablet":{"size":100,"unit":"%"},"margin_tablet":{"unit":"%","top":"","right":"","bottom":"","left":"","isLinked":true},"width":{"size":42,"unit":"%"},"margin_mobile":{"unit":"%","top":"","right":"","bottom":"","left":"","isLinked":true},"padding_tablet":{"unit":"%","top":"","right":"","bottom":"","left":"","isLinked":true},"content_width":"full","flex_direction":"column","flex_justify_content":"center","flex_align_items_tablet":"center","flex_gap":{"unit":"px","size":20,"sizes":[]}},"elements":[{"id":"5f8f5ed9","settings":{"title":"A Benefit \/ Feature","header_size":"h6","align_tablet":"center","__globals__":{"typography_typography":"globals\/typography?id=6558fb1"}},"elements":[],"isInner":false,"widgetType":"heading","elType":"widget"},{"id":"5731af1d","settings":{"title":"A Title About Your Services","align_tablet":"center","_margin":{"unit":"%","top":"","right":"","bottom":"","left":"","isLinked":true},"_margin_tablet":{"unit":"%","top":"","right":"","bottom":"","left":"","isLinked":true},"_margin_mobile":{"unit":"%","top":"","right":"","bottom":"","left":"","isLinked":true}},"elements":[],"isInner":false,"widgetType":"heading","elType":"widget"},{"id":"5a5cd79a","settings":{"editor":"A paragraph describing additional information about your business or services. This is a great opportunity to provide details about services that are not listed in the main services menu.","_element_custom_width":{"unit":"px","size":618,"sizes":[]},"align_tablet":"center","_element_width":"initial","_element_width_mobile":"inherit"},"elements":[],"isInner":false,"widgetType":"text-editor","elType":"widget"},{"id":"4ad17274","settings":{"text":"Contact Us","button_text_color":"#FFFFFF","border_radius":{"unit":"px","top":"","right":"","bottom":"","left":"","isLinked":"1"},"text_padding":{"unit":"px","top":"0","right":"0","bottom":"0","left":"0","isLinked":true},"_margin":{"unit":"%","top":"","right":"","bottom":"","left":"","isLinked":true},"__globals__":{"button_text_color":"globals\/colors?id=primary","border_color":"","button_background_hover_color":"globals\/colors?id=86b4fcd","hover_color":"globals\/colors?id=accent","background_color":"globals\/colors?id=86b4fcd","typography_typography":"globals\/typography?id=92bce3b"},"_animation":"fadeIn","link":{"url":"","is_external":"","nofollow":"","custom_attributes":""},"hover_color":"#467FF7","button_background_hover_color":"#02010100","align_tablet":"center","__dynamic__":{"link":"[elementor-tag id=\"af4cf34\" name=\"internal-url\" settings=\"%7B%22type%22%3A%22post%22%2C%22post_id%22%3A%2217%22%7D\"]"}},"elements":[],"isInner":false,"widgetType":"button","elType":"widget"}],"isInner":false,"elType":"container"},{"id":"14433871","settings":{"_column_size":50,"width_tablet":{"size":100,"unit":"%"},"width":{"size":58,"unit":"%"},"background_background":"classic","background_image":{"url":"","id":"","alt":"","source":"library"},"background_position":"center center","background_repeat":"no-repeat","background_size":"cover","flex_justify_content":"flex-end","margin_mobile":{"unit":"%","top":"","right":"","bottom":"","left":"","isLinked":true},"padding":{"unit":"%","top":"","right":"","bottom":"","left":"","isLinked":true},"padding_tablet":{"unit":"%","top":"","right":"","bottom":"","left":"","isLinked":true},"padding_mobile":{"unit":"%","top":"","right":"","bottom":"","left":"","isLinked":true},"content_width":"full","flex_direction":"row","flex_gap":{"unit":"%","size":5,"sizes":[]},"flex_gap_tablet":{"unit":"%","size":"","sizes":[]},"flex_gap_mobile":{"unit":"px","size":30,"sizes":[]}},"elements":[{"id":"3f7925dc","settings":{"image":{"url":"https:\/\/library.elementor.com\/local-services-wireframe-2\/wp-content\/uploads\/sites\/190\/2022\/01\/Sourdough_Bread2.jpg","id":914,"alt":"","source":"library"},"align":"right","width":{"unit":"%","size":100,"sizes":[]},"height":{"unit":"px","size":497,"sizes":[]},"height_tablet":{"unit":"px","size":370,"sizes":[]},"height_mobile":{"unit":"px","size":305,"sizes":[]},"object-fit":"cover","image_size":"full","_flex_align_self":"flex-end"},"elements":[],"isInner":false,"widgetType":"image","elType":"widget"},{"id":"5fef894","settings":{"image":{"url":"https:\/\/library.elementor.com\/local-services-wireframe-2\/wp-content\/uploads\/sites\/190\/2022\/01\/Sourdough_Bread1.jpg","id":915,"alt":"","source":"library"},"align":"right","width":{"unit":"%","size":100,"sizes":[]},"image_size":"full"},"elements":[],"isInner":false,"widgetType":"image","elType":"widget"}],"isInner":false,"elType":"container"}],"isInner":false,"elType":"container"},{"id":"190f0d8e","settings":{"layout":"full_width","flex_gap":{"size":0,"unit":"px"},"margin":{"unit":"%","top":"12","right":"0","bottom":"0","left":"0","isLinked":""},"margin_tablet":{"unit":"%","top":"25","right":"0","bottom":"0","left":"0","isLinked":""},"margin_mobile":{"unit":"%","top":"35","right":"0","bottom":"0","left":"0","isLinked":""},"padding":{"unit":"%","top":"0","right":"8","bottom":"0","left":"8","isLinked":""},"padding_tablet":{"unit":"%","top":"0","right":"5","bottom":"0","left":"5","isLinked":""},"padding_mobile":{"unit":"%","top":"0","right":"8","bottom":"0","left":"8","isLinked":""},"_title":"FAQ","flex_direction":"column","flex_align_items":"stretch","background_image":{"url":"","id":""},"background_image_tablet":{"url":"","id":""},"background_image_mobile":{"url":"","id":""},"background_video_fallback":{"url":"","id":""},"background_hover_image":{"url":"","id":""},"background_hover_image_tablet":{"url":"","id":""},"background_hover_image_mobile":{"url":"","id":""},"background_hover_video_fallback":{"url":"","id":""},"background_overlay_image":{"url":"","id":""},"background_overlay_image_tablet":{"url":"","id":""},"background_overlay_image_mobile":{"url":"","id":""},"background_overlay_video_fallback":{"url":"","id":""},"background_overlay_hover_image":{"url":"","id":""},"background_overlay_hover_image_tablet":{"url":"","id":""},"background_overlay_hover_image_mobile":{"url":"","id":""},"background_overlay_hover_video_fallback":{"url":"","id":""}},"elements":[{"id":"5ddf41ff","settings":{"title":"FAQ","align":"center","_background_image":{"url":"","id":""},"_background_image_tablet":{"url":"","id":""},"_background_image_mobile":{"url":"","id":""},"_background_video_fallback":{"url":"","id":""},"_background_hover_image":{"url":"","id":""},"_background_hover_image_tablet":{"url":"","id":""},"_background_hover_image_mobile":{"url":"","id":""},"_background_hover_video_fallback":{"url":"","id":""},"_mask_image":{"url":"","id":""}},"elements":[],"isInner":false,"widgetType":"heading","elType":"widget"},{"id":"292de1f","settings":{"layout":"full_width","flex_gap":{"size":15,"unit":"%"},"structure":"20","margin":{"unit":"%","top":"4","right":"0","bottom":"0","left":"0","isLinked":""},"flex_direction":"row","flex_align_items":"stretch","content_width":"full","width_tablet":{"unit":"%","size":"","sizes":[]},"width_mobile":{"unit":"%","size":"","sizes":[]},"flex_direction_tablet":"column","flex_gap_tablet":{"unit":"px","size":30,"sizes":[]},"flex_gap_mobile":{"unit":"%","size":"","sizes":[]},"flex_justify_content":"space-between","background_image":{"url":"","id":""},"background_image_tablet":{"url":"","id":""},"background_image_mobile":{"url":"","id":""},"background_video_fallback":{"url":"","id":""},"background_hover_image":{"url":"","id":""},"background_hover_image_tablet":{"url":"","id":""},"background_hover_image_mobile":{"url":"","id":""},"background_hover_video_fallback":{"url":"","id":""},"background_overlay_image":{"url":"","id":""},"background_overlay_image_tablet":{"url":"","id":""},"background_overlay_image_mobile":{"url":"","id":""},"background_overlay_video_fallback":{"url":"","id":""},"background_overlay_hover_image":{"url":"","id":""},"background_overlay_hover_image_tablet":{"url":"","id":""},"background_overlay_hover_image_mobile":{"url":"","id":""},"background_overlay_hover_video_fallback":{"url":"","id":""}},"elements":[{"id":"2510ec41","settings":{"tabs":[{"tab_title":"A frequently asked question surrounding your service","tab_content":"A detailed answer to provide information about your business, build trust with potential clients, and help convince the visitor that you are a good fit for them.","_id":"08cb630"},{"tab_title":"A frequently asked question surrounding your service","tab_content":"A detailed answer to provide information about your business, build trust with potential clients, and help convince the visitor that you are a good fit for them.","_id":"d4eb9ce"},{"tab_title":"A frequently asked question surrounding your service","tab_content":"A detailed answer to provide information about your business, build trust with potential clients, and help convince the visitor that you are a good fit for them.","_id":"4e8aa86"},{"tab_title":"A frequently asked question surrounding your service","tab_content":"A detailed answer to provide information about your business, build trust with potential clients, and help convince the visitor that you are a good fit for them.","_id":"eb28bc6"}],"selected_icon":{"value":{"url":"https:\/\/library.elementor.com\/local-services-wireframe-2-flexbox\/wp-content\/uploads\/sites\/267\/2021\/06\/Plus.svg","id":384},"library":"svg"},"selected_active_icon":{"value":{"url":"https:\/\/library.elementor.com\/local-services-wireframe-2-flexbox\/wp-content\/uploads\/sites\/267\/2021\/06\/Minus-15062021.svg","id":387},"library":"svg"},"title_html_tag":"h4","border_width":{"unit":"px","size":"0.5","sizes":[]},"space_between":{"unit":"px","size":"30","sizes":[]},"title_padding":{"unit":"px","top":"0","right":"0","bottom":"30","left":"0","isLinked":""},"icon_align":"right","icon_space":{"unit":"px","size":"0","sizes":[]},"content_padding":{"unit":"px","top":"0","right":"50","bottom":"30","left":"0","isLinked":""},"content_padding_mobile":{"unit":"px","top":"0","right":"0","bottom":"30","left":"0","isLinked":""},"_padding":{"unit":"px","top":"30","right":"0","bottom":"0","left":"0","isLinked":""},"_border_border":"solid","_border_width":{"unit":"px","top":"0.5","right":"0","bottom":"0","left":"0","isLinked":""},"__globals__":{"border_color":"globals\/colors?id=14ef391","title_typography_typography":"globals\/typography?id=accent","icon_color":"globals\/colors?id=primary","icon_active_color":"globals\/colors?id=primary","_border_color":"globals\/colors?id=14ef391"},"_element_width":"initial","_element_width_tablet":"inherit","_element_custom_width":{"unit":"%","size":50,"sizes":[]},"_background_image":{"url":"","id":""},"_background_image_tablet":{"url":"","id":""},"_background_image_mobile":{"url":"","id":""},"_background_video_fallback":{"url":"","id":""},"_background_hover_image":{"url":"","id":""},"_background_hover_image_tablet":{"url":"","id":""},"_background_hover_image_mobile":{"url":"","id":""},"_background_hover_video_fallback":{"url":"","id":""},"_mask_image":{"url":"","id":""}},"elements":[],"isInner":false,"widgetType":"toggle","elType":"widget"},{"id":"5048da8b","settings":{"tabs":[{"tab_title":"A frequently asked question surrounding your service","tab_content":"A detailed answer to provide information about your business, build trust with potential clients, and help convince the visitor that you are a good fit for them.","_id":"08cb630"},{"tab_title":"A frequently asked question surrounding your service","tab_content":"A detailed answer to provide information about your business, build trust with potential clients, and help convince the visitor that you are a good fit for them.","_id":"d4eb9ce"},{"tab_title":"A frequently asked question surrounding your service","tab_content":"A detailed answer to provide information about your business, build trust with potential clients, and help convince the visitor that you are a good fit for them.","_id":"4e8aa86"},{"tab_title":"A frequently asked question surrounding your service","tab_content":"A detailed answer to provide information about your business, build trust with potential clients, and help convince the visitor that you are a good fit for them.","_id":"eb28bc6"}],"selected_icon":{"value":{"url":"https:\/\/library.elementor.com\/local-services-wireframe-2-flexbox\/wp-content\/uploads\/sites\/267\/2021\/06\/Plus.svg","id":384},"library":"svg"},"selected_active_icon":{"value":{"url":"https:\/\/library.elementor.com\/local-services-wireframe-2-flexbox\/wp-content\/uploads\/sites\/267\/2021\/06\/Minus-15062021.svg","id":387},"library":"svg"},"title_html_tag":"h4","border_width":{"unit":"px","size":"0.5","sizes":[]},"space_between":{"unit":"px","size":"30","sizes":[]},"title_padding":{"unit":"px","top":"0","right":"0","bottom":"30","left":"0","isLinked":""},"icon_align":"right","icon_space":{"unit":"px","size":"0","sizes":[]},"content_padding":{"unit":"px","top":"0","right":"50","bottom":"30","left":"0","isLinked":""},"content_padding_mobile":{"unit":"px","top":"0","right":"0","bottom":"30","left":"0","isLinked":""},"_padding":{"unit":"px","top":"30","right":"0","bottom":"0","left":"0","isLinked":""},"_border_border":"solid","_border_width":{"unit":"px","top":"0.5","right":"0","bottom":"0","left":"0","isLinked":""},"__globals__":{"border_color":"globals\/colors?id=14ef391","title_typography_typography":"globals\/typography?id=accent","icon_color":"globals\/colors?id=primary","icon_active_color":"globals\/colors?id=primary","_border_color":"globals\/colors?id=14ef391"},"_padding_tablet":{"unit":"px","top":"0","right":"0","bottom":"0","left":"0","isLinked":false},"_border_width_tablet":{"unit":"px","top":"0","right":"0","bottom":"0","left":"0","isLinked":false},"_element_width":"initial","_element_width_tablet":"inherit","_element_custom_width":{"unit":"%","size":50,"sizes":[]},"_background_image":{"url":"","id":""},"_background_image_tablet":{"url":"","id":""},"_background_image_mobile":{"url":"","id":""},"_background_video_fallback":{"url":"","id":""},"_background_hover_image":{"url":"","id":""},"_background_hover_image_tablet":{"url":"","id":""},"_background_hover_image_mobile":{"url":"","id":""},"_background_hover_video_fallback":{"url":"","id":""},"_mask_image":{"url":"","id":""}},"elements":[],"isInner":false,"widgetType":"toggle","elType":"widget"}],"isInner":false,"elType":"container"}],"isInner":false,"elType":"container"},{"id":"64fffb71","settings":{"layout":"full_width","flex_gap":{"size":50,"unit":"px"},"padding":{"unit":"%","top":"0","right":"8","bottom":"0","left":"8","isLinked":""},"margin":{"unit":"%","top":"12","right":"0","bottom":"0","left":"0","isLinked":""},"padding_tablet":{"unit":"%","top":"0","right":"5","bottom":"0","left":"5","isLinked":""},"margin_tablet":{"unit":"%","top":"25","right":"0","bottom":"0","left":"0","isLinked":""},"margin_mobile":{"unit":"%","top":"35","right":"0","bottom":"0","left":"0","isLinked":""},"_title":"Testimonials","flex_direction":"column","flex_align_items":"stretch","flex_gap_tablet":{"unit":"%","size":"","sizes":[]},"flex_gap_mobile":{"unit":"%","size":"","sizes":[]},"padding_mobile":{"unit":"%","top":"0","right":"8","bottom":"0","left":"8","isLinked":false}},"elements":[{"id":"3f960fd9","settings":{"title":"Client Testimonials","align":"center","__globals__":{"typography_typography":"globals\/typography?id=primary"}},"elements":[],"isInner":false,"widgetType":"heading","elType":"widget"},{"id":"425efd23","settings":{"_column_size":"100","align":"center","content_width":"full","width_tablet":{"unit":"%","size":"","sizes":[]},"width_mobile":{"unit":"%","size":"","sizes":[]},"flex_direction":"row","flex_direction_tablet":"column","flex_justify_content":"space-between","flex_gap":{"unit":"px","size":135,"sizes":[]},"flex_gap_tablet":{"unit":"px","size":60,"sizes":[]},"padding_tablet":{"unit":"%","top":"0","right":"15","bottom":"0","left":"15","isLinked":false},"padding_mobile":{"unit":"%","top":"0","right":"0","bottom":"0","left":"0","isLinked":false}},"elements":[{"id":"4c5782a7","settings":{"testimonial_content":"\u201cA testimonial from a client who benefited from your product or service. Testimonials can be a highly effective way of establishing credibility and increasing your company's reputation.\u201d","testimonial_name":"Client Name","testimonial_job":"","testimonial_alignment":"left","image_size":{"unit":"px","size":"63","sizes":[]},"__globals__":{"name_typography_typography":"globals\/typography?id=397e168","image_border_color":"globals\/colors?id=14ef391"},"testimonial_image":{"id":1609,"url":"https:\/\/library.elementor.com\/local-services-wireframe-2-flexbox\/wp-content\/uploads\/sites\/267\/2023\/06\/63x63.jpg"},"image_border_radius":{"unit":"px","top":"50","right":"50","bottom":"50","left":"50","isLinked":"1"},"image_border_width":{"unit":"px","top":"1","right":"1","bottom":"1","left":"1","isLinked":true},"_element_width":"initial","_element_width_tablet":"inherit","_element_custom_width":{"unit":"%","size":33,"sizes":[]}},"elements":[],"isInner":false,"widgetType":"testimonial","elType":"widget"},{"id":"708ca5a5","settings":{"testimonial_content":"\u201cA testimonial from a client who benefited from your product or service. Testimonials can be a highly effective way of establishing credibility and increasing your company's reputation.\u201d","testimonial_name":"Client Name","testimonial_job":"","testimonial_alignment":"left","image_size":{"unit":"px","size":"63","sizes":[]},"__globals__":{"name_typography_typography":"globals\/typography?id=397e168","image_border_color":"globals\/colors?id=14ef391"},"testimonial_image":{"id":1609,"url":"https:\/\/library.elementor.com\/local-services-wireframe-2-flexbox\/wp-content\/uploads\/sites\/267\/2023\/06\/63x63.jpg"},"image_border_radius":{"unit":"px","top":"50","right":"50","bottom":"50","left":"50","isLinked":"1"},"image_border_width":{"unit":"px","top":"1","right":"1","bottom":"1","left":"1","isLinked":true},"_element_width":"initial","_element_width_tablet":"inherit","_element_custom_width":{"unit":"%","size":33,"sizes":[]}},"elements":[],"isInner":false,"widgetType":"testimonial","elType":"widget"},{"id":"171e93c","settings":{"testimonial_content":"\u201cA testimonial from a client who benefited from your product or service. Testimonials can be a highly effective way of establishing credibility and increasing your company's reputation.\u201d","testimonial_name":"Client Name","testimonial_job":"","testimonial_alignment":"left","image_size":{"unit":"px","size":"63","sizes":[]},"__globals__":{"name_typography_typography":"globals\/typography?id=397e168","image_border_color":"globals\/colors?id=14ef391"},"testimonial_image":{"id":1609,"url":"https:\/\/library.elementor.com\/local-services-wireframe-2-flexbox\/wp-content\/uploads\/sites\/267\/2023\/06\/63x63.jpg"},"image_border_radius":{"unit":"px","top":"50","right":"50","bottom":"50","left":"50","isLinked":"1"},"image_border_width":{"unit":"px","top":"1","right":"1","bottom":"1","left":"1","isLinked":true},"_element_width":"initial","_element_width_tablet":"inherit","_element_custom_width":{"unit":"%","size":33,"sizes":[]}},"elements":[],"isInner":false,"widgetType":"testimonial","elType":"widget"}],"isInner":false,"elType":"container"}],"isInner":false,"elType":"container"},{"id":"7b71a7d2","settings":{"layout":"full_width","flex_gap":{"size":0,"unit":"px"},"margin":{"unit":"%","top":"12","right":"0","bottom":"0","left":"0","isLinked":""},"margin_tablet":{"unit":"%","top":"25","right":"0","bottom":"0","left":"0","isLinked":""},"margin_mobile":{"unit":"%","top":"35","right":"0","bottom":"0","left":"0","isLinked":""},"_title":"CTA","flex_direction":"column","flex_align_items":"stretch","min_height":{"unit":"px","size":620,"sizes":[]},"min_height_tablet":{"unit":"vh","size":65,"sizes":[]},"min_height_mobile":{"unit":"px","size":380,"sizes":[]},"flex_justify_content":"center","background_background":"classic","background_image":{"id":1622,"url":"https:\/\/library.elementor.com\/local-services-wireframe-2-flexbox\/wp-content\/uploads\/sites\/267\/2023\/06\/Image_Placeholder-13122021.jpg"},"background_position":"center right","background_position_mobile":"top center","background_repeat":"no-repeat","background_size":"contain","padding":{"unit":"%","top":"0","right":"50","bottom":"0","left":"8","isLinked":false},"padding_tablet":{"unit":"%","top":"0","right":"20","bottom":"0","left":"20","isLinked":false},"padding_mobile":{"unit":"%","top":"0","right":"8","bottom":"0","left":"8","isLinked":false},"__globals__":{"background_color":"globals\/colors?id=secondary"},"content_width":"full"},"elements":[{"id":"37779141","settings":{"layout":"right","bg_image":{"url":"","id":""},"bg_image_size":"full","title":"A Title to Turn the Visitor Into a Lead","description":"This is your chance to emphasize why the visitor should contact you right now.","button":"Contact us","alignment":"left","vertical_position":"middle","padding":{"unit":"%","top":"0","right":"0","bottom":"0","left":"0","isLinked":false},"image_min_width":{"unit":"%","size":"","sizes":[]},"description_spacing":{"unit":"px","size":"30","sizes":[]},"button_size":"md","button_border_width":{"unit":"px","size":"1","sizes":[]},"button_border_radius":{"unit":"px","size":"50","sizes":[]},"__globals__":{"title_typography_typography":"globals\/typography?id=primary","description_typography_typography":"globals\/typography?id=c05b693","content_bg_color":"globals\/colors?id=86b4fcd","title_color":"globals\/colors?id=primary","description_color":"globals\/colors?id=text","button_border_color":"globals\/colors?id=accent","button_background_color":"globals\/colors?id=accent","button_text_color":"globals\/colors?id=d6cea4e","button_hover_background_color":"globals\/colors?id=86b4fcd","button_hover_text_color":"globals\/colors?id=accent","overlay_color_hover":"globals\/colors?id=86b4fcd"},"layout_mobile":"above","min-height_tablet":{"unit":"vh","size":"","sizes":[]},"padding_tablet":{"unit":"%","top":"","right":"","bottom":"","left":"","isLinked":true},"image_min_width_tablet":{"unit":"%","size":"","sizes":[]},"image_min_width_mobile":{"unit":"%","size":"","sizes":[]},"padding_mobile":{"unit":"%","top":"","right":"","bottom":"","left":"","isLinked":true},"image_min_height_tablet":{"unit":"vh","size":"","sizes":[]},"link":{"url":"https:\/\/library.elementor.com\/local-services-wireframe-1\/contact\/","is_external":"","nofollow":"","custom_attributes":""},"graphic_image":{"id":1621,"url":"https:\/\/library.elementor.com\/local-services-wireframe-2-flexbox\/wp-content\/uploads\/sites\/267\/2023\/06\/placeholder.png"},"__dynamic__":{"link":"[elementor-tag id=\"b644fa8\" name=\"internal-url\" settings=\"%7B%22type%22%3A%22post%22%2C%22post_id%22%3A%2217%22%7D\"]"},"title_typography_typography":"custom","title_typography_font_family":"Poppins","title_typography_font_size":{"unit":"px","size":65,"sizes":[]},"title_typography_font_size_tablet":{"unit":"px","size":45,"sizes":[]},"title_typography_font_size_mobile":{"unit":"px","size":28,"sizes":[]},"title_typography_font_weight":"600","title_typography_text_transform":"none","title_typography_font_style":"normal","title_typography_text_decoration":"none","title_typography_line_height":{"unit":"em","size":1.2,"sizes":[]},"title_typography_line_height_mobile":{"unit":"em","size":1.1,"sizes":[]},"title_typography_letter_spacing":{"unit":"px","size":0,"sizes":[]},"description_typography_typography":"custom","description_typography_font_family":"Poppins","description_typography_font_size":{"unit":"px","size":22,"sizes":[]},"description_typography_font_size_tablet":{"unit":"px","size":14,"sizes":[]},"description_typography_font_weight":"300","description_typography_text_transform":"none","description_typography_font_style":"normal","description_typography_text_decoration":"none","description_typography_line_height":{"unit":"em","size":1.5,"sizes":[]},"description_typography_letter_spacing":{"unit":"px","size":0,"sizes":[]},"title_color":"#1C244B","description_color":"#324A6D","button_text_color":"#FFFFFF","button_background_color":"#467FF7","button_border_color":"#467FF7","button_hover_text_color":"#467FF7","button_hover_background_color":"#02010100","overlay_color_hover":"#02010100","_element_width":"initial","_element_width_tablet":"inherit","_element_custom_width":{"unit":"px","size":610,"sizes":[]},"alignment_tablet":"center"},"elements":[],"isInner":false,"widgetType":"call-to-action","elType":"widget"}],"isInner":false,"elType":"container"}],"settings":{"template":"elementor_header_footer"},"metadata":[]}