{"content":[{"id":"24c16cf6","settings":{"flex_gap":{"size":0,"unit":"px"},"content_position":"middle","structure":"20","margin":{"unit":"%","top":"","right":"","bottom":"","left":"","isLinked":true},"padding":{"unit":"%","top":"0","right":"8","bottom":"0","left":"8","isLinked":false},"padding_tablet":{"unit":"%","top":"0","right":"5","bottom":"0","left":"5","isLinked":""},"margin_tablet":{"unit":"%","top":"","right":"","bottom":"","left":"","isLinked":true},"margin_mobile":{"unit":"%","top":"","right":"","bottom":"","left":"","isLinked":true},"_title":"Hero","min_height":{"unit":"px","size":523,"sizes":[]},"flex_align_items":"stretch","min_height_tablet":{"unit":"px","size":405,"sizes":[]},"padding_mobile":{"unit":"%","top":"0","right":"8","bottom":"0","left":"8","isLinked":false},"flex_direction":"row","min_height_mobile":{"unit":"px","size":0,"sizes":[]},"flex_gap_mobile":{"unit":"px","size":20,"sizes":[]}},"elements":[{"id":"71f79242","settings":{"_column_size":"50","padding":{"unit":"%","top":"0","right":"10","bottom":"0","left":"0","isLinked":""},"width_tablet":{"size":50,"unit":"%"},"margin_tablet":{"unit":"%","top":"","right":"","bottom":"","left":"","isLinked":true},"padding_mobile":{"unit":"%","top":"0","right":"0","bottom":"0","left":"0","isLinked":false},"width":{"size":55,"unit":"%"},"margin_mobile":{"unit":"%","top":"","right":"","bottom":"","left":"","isLinked":true},"padding_tablet":{"unit":"%","top":"0","right":"12","bottom":"0","left":"0","isLinked":false},"content_width":"full","flex_direction":"column","flex_justify_content":"center","flex_gap":{"unit":"px","size":30,"sizes":[]},"flex_gap_mobile":{"unit":"px","size":20,"sizes":[]}},"elements":[{"id":"4083a1f8","settings":{"title":"Contact Us","align_mobile":"center","__globals__":{"typography_typography":"globals\/typography?id=b2deeae"},"_animation":"fadeIn"},"elements":[],"isInner":false,"widgetType":"heading","elType":"widget"},{"id":"6eec4499","settings":{"editor":"<p>We would love to hear from you.<br \/>Feel free to reach out using the below details.<\/p>","_element_custom_width":{"unit":"px","size":"510","sizes":[]},"align_mobile":"center"},"elements":[],"isInner":false,"widgetType":"text-editor","elType":"widget"}],"isInner":false,"elType":"container"},{"id":"68890400","settings":{"_column_size":"50","width_tablet":{"size":50,"unit":"%"},"width":{"size":45,"unit":"%"},"background_background":"classic","background_image":{"url":"https:\/\/library.elementor.com\/local-services-wireframe-2\/wp-content\/uploads\/sites\/190\/2022\/01\/Image_Placeholder_bkr_1.jpg","id":865,"alt":"","source":"library"},"background_position":"center center","background_repeat":"no-repeat","background_size":"cover","content_width":"full","min_height_mobile":{"unit":"px","size":245,"sizes":[]}},"elements":[],"isInner":false,"elType":"container"}],"isInner":false,"elType":"container"},{"id":"2696f443","settings":{"flex_gap":{"size":0,"unit":"px"},"content_position":"middle","structure":"20","margin":{"unit":"%","top":"8","right":"0","bottom":"8","left":"0","isLinked":""},"padding":{"unit":"%","top":"0","right":"8","bottom":"0","left":"8","isLinked":false},"padding_tablet":{"unit":"%","top":"0","right":"5","bottom":"0","left":"5","isLinked":""},"reverse_order_mobile":"reverse-mobile","margin_tablet":{"unit":"%","top":"10","right":0,"bottom":"10","left":0,"isLinked":""},"margin_mobile":{"unit":"%","top":"16","right":0,"bottom":"16","left":0,"isLinked":""},"_title":"Contact Info","min_height":{"unit":"px","size":294,"sizes":[]},"flex_align_items":"center","min_height_tablet":{"unit":"px","size":325,"sizes":[]},"padding_mobile":{"unit":"%","top":"0","right":"8","bottom":"0","left":"8","isLinked":false},"flex_direction":"row","min_height_mobile":{"unit":"px","size":0,"sizes":[]},"flex_direction_mobile":"column-reverse","flex_gap_tablet":{"unit":"px","size":50,"sizes":[]},"flex_gap_mobile":{"unit":"px","size":30,"sizes":[]}},"elements":[{"id":"11889d7b","settings":{"_column_size":"50","width_tablet":{"size":40,"unit":"%"},"width":{"size":55,"unit":"%"},"background_background":"classic","background_image":{"url":"","id":"","alt":"","source":"library"},"background_position":"center center","background_repeat":"no-repeat","background_size":"cover","content_width":"full"},"elements":[{"id":"de400a4","settings":{"image":{"url":"https:\/\/library.elementor.com\/local-services-wireframe-2\/wp-content\/uploads\/sites\/190\/2022\/01\/Image_Placeholder.jpg","id":985,"alt":"","source":"library"},"align":"left","width":{"unit":"%","size":67,"sizes":[]},"height":{"unit":"px","size":294,"sizes":[]},"object-fit":"cover","width_tablet":{"unit":"%","size":100,"sizes":[]},"height_tablet":{"unit":"px","size":325,"sizes":[]},"image_size":"full"},"elements":[],"isInner":false,"widgetType":"image","elType":"widget"}],"isInner":false,"elType":"container"},{"id":"6d81f5d7","settings":{"_column_size":"50","padding":{"unit":"%","top":"","right":"","bottom":"","left":"","isLinked":true},"width_tablet":{"size":60,"unit":"%"},"margin_tablet":{"unit":"%","top":"","right":"","bottom":"","left":"","isLinked":true},"padding_mobile":{"unit":"%","top":"","right":"","bottom":"","left":"","isLinked":true},"width":{"size":45,"unit":"%"},"margin_mobile":{"unit":"%","top":"","right":"","bottom":"","left":"","isLinked":true},"padding_tablet":{"unit":"%","top":"","right":"","bottom":"","left":"","isLinked":true},"content_width":"full","flex_direction":"column"},"elements":[{"id":"6124a2a4","settings":{"icon_list":[{"text":"<b>Address:<\/b> 123 Main Street, New York, NY 10001","selected_icon":{"value":"","library":""},"_id":"6179eba"},{"text":"<b>Hours:<\/b> Mon-Fri 9:00AM - 5:00PM","selected_icon":{"value":"","library":""},"_id":"3ab8f4a"},{"text":"<b>Phone:<\/b> 123-456-7890","selected_icon":{"value":"","library":""},"_id":"eae93d4"},{"text":"<b>Email:<\/b> contact@mysite.com","selected_icon":{"value":"","library":""},"_id":"3a99318"}],"space_between":{"unit":"px","size":12,"sizes":[]},"__globals__":{"text_color":"globals\/colors?id=text"}},"elements":[],"isInner":false,"widgetType":"icon-list","elType":"widget"}],"isInner":false,"elType":"container"}],"isInner":false,"elType":"container"}],"settings":{"template":"elementor_header_footer"},"metadata":[]}