{"content":[{"id":"2c69992c","settings":{"flex_direction":"row","boxed_width":{"unit":"px","size":1920,"sizes":[]},"boxed_width_mobile":{"unit":"%","size":100,"sizes":[]},"min_height":{"unit":"px","size":100,"sizes":[]},"flex_justify_content":"space-between","flex_align_items":"center","flex_gap":{"unit":"px","size":43,"sizes":[]},"flex_gap_mobile":{"unit":"px","size":0,"sizes":[]},"background_background":"classic","background_color":"#FFFFFF","box_shadow_box_shadow_type":"yes","box_shadow_box_shadow":{"horizontal":0,"vertical":4,"blur":24,"spread":0,"color":"rgba(28.000000000000004, 36, 72, 0.07)"},"padding":{"unit":"%","top":"0","right":"0","bottom":"0","left":"5","isLinked":false},"padding_tablet":{"unit":"%","top":"0","right":"0","bottom":"0","left":"0","isLinked":false},"padding_mobile":{"unit":"%","top":"0","right":"0","bottom":"0","left":"0","isLinked":false},"sticky":"top","_title":"Header","sticky_on":["desktop","tablet"],"flex_direction_tablet":"column-reverse","flex_direction_mobile":"column","flex_gap_tablet":{"unit":"px","size":0,"sizes":[]},"z_index":1},"elements":[{"id":"da79226","settings":{"content_width":"full","flex_direction":"row","flex_justify_content":"flex-start","flex_justify_content_mobile":"center","flex_align_items":"center","flex_gap":{"unit":"px","size":69,"sizes":[]},"flex_gap_tablet":{"unit":"px","size":12,"sizes":[]},"flex_wrap":"wrap","padding_mobile":{"unit":"px","top":"25","right":"25","bottom":"25","left":"25","isLinked":true},"_title":"Menu","width_mobile":{"unit":"%","size":100,"sizes":[]},"flex_direction_tablet":"column","flex_justify_content_tablet":"center","flex_wrap_mobile":"wrap","background_background":"classic","background_color":"#FFFFFF","padding_tablet":{"unit":"%","top":"1","right":"1","bottom":"1","left":"1","isLinked":true},"_flex_align_self_tablet":"center","sticky":"top","sticky_on":["mobile"]},"elements":[{"id":"29ca3898","settings":{"title":"Global Styles","title_color":"#1C244B","typography_typography":"custom","typography_font_family":"Poppins","typography_font_size":{"unit":"px","size":25,"sizes":[]},"typography_font_size_tablet":{"unit":"px","size":32,"sizes":[]},"typography_font_size_mobile":{"unit":"px","size":28,"sizes":[]},"typography_font_weight":"600","typography_text_transform":"capitalize","typography_font_style":"normal","typography_text_decoration":"none","typography_line_height":{"unit":"em","size":1.2,"sizes":[]},"typography_line_height_mobile":{"unit":"em","size":1.1,"sizes":[]},"typography_letter_spacing":{"unit":"px","size":0,"sizes":[]}},"elements":[],"isInner":false,"widgetType":"heading","elType":"widget"},{"id":"7c4a59f4","settings":{"view":"inline","icon_list":[{"text":"Colors","selected_icon":{"value":"","library":""},"_id":"90171b8","link":{"url":"#colors","is_external":"","nofollow":"","custom_attributes":""}},{"text":"Fonts","selected_icon":{"value":"","library":""},"link":{"url":"#fonts","is_external":"","nofollow":"","custom_attributes":""},"_id":"6e189ab"},{"text":"buttons","selected_icon":{"value":"","library":""},"link":{"url":"#buttons","is_external":"","nofollow":"","custom_attributes":""},"_id":"d8ec793"}],"space_between":{"unit":"px","size":50,"sizes":[]},"space_between_tablet":{"unit":"px","size":50,"sizes":[]},"icon_align":"left","icon_align_tablet":"center","icon_color":"#1C2448","text_color":"#1C2448","text_color_hover":"#467FF7","icon_typography_typography":"custom","icon_typography_font_family":"Poppins","icon_typography_font_size":{"unit":"px","size":16,"sizes":[]},"icon_typography_font_size_tablet":{"unit":"px","size":14,"sizes":[]},"icon_typography_font_weight":"500","icon_typography_text_transform":"capitalize","icon_typography_font_style":"normal","icon_typography_text_decoration":"none","icon_typography_line_height":{"unit":"em","size":1.5,"sizes":[]},"icon_typography_letter_spacing":{"unit":"px","size":0,"sizes":[]},"_flex_align_self":"center","__globals__":{"text_color_hover":""}},"elements":[],"isInner":false,"widgetType":"icon-list","elType":"widget"}],"isInner":false,"elType":"container"},{"id":"697ff167","settings":{"content_width":"full","width":{"unit":"px","size":562,"sizes":[]},"width_tablet":{"unit":"%","size":100,"sizes":[]},"width_mobile":{"unit":"%","size":100,"sizes":[]},"flex_direction":"row","flex_justify_content":"center","flex_align_items":"center","flex_gap":{"unit":"px","size":20,"sizes":[]},"_flex_align_self":"stretch","_flex_size":"grow","background_background":"classic","background_color":"#F3F5F8","padding":{"unit":"px","top":"0","right":"30","bottom":"0","left":"30","isLinked":false},"padding_mobile":{"unit":"px","top":"23","right":"23","bottom":"23","left":"23","isLinked":true},"_title":"Information","flex_justify_content_mobile":"flex-start","flex_wrap_mobile":"nowrap","padding_tablet":{"unit":"%","top":"1","right":"1","bottom":"1","left":"1","isLinked":false},"_flex_align_self_tablet":"center","sticky_on":["mobile"]},"elements":[{"id":"6e6b83bf","settings":{"selected_icon":{"value":{"id":1719,"url":"https:\/\/library.elementor.com\/local-services-wireframe-2-flexbox\/wp-content\/uploads\/sites\/267\/2023\/06\/information_ico.svg"},"library":"svg"},"primary_color":"#CAD5DC","size":{"unit":"px","size":35,"sizes":[]},"hover_animation":"grow","size_tablet":{"unit":"px","size":24,"sizes":[]},"_flex_align_self_tablet":"center"},"elements":[],"isInner":false,"widgetType":"icon","elType":"widget"},{"id":"40466dcd","settings":{"editor":"<p>This page previews Global Fonts and Colors for this Kit. Changes made in Site Settings will be displayed here.<\/p>","align":"left","_element_width":"inherit","_flex_align_self":"center","align_mobile":"left","text_color":"#324A6D","typography_typography":"custom","typography_font_family":"Poppins","typography_font_size":{"unit":"px","size":16,"sizes":[]},"typography_font_size_tablet":{"unit":"px","size":12,"sizes":[]},"typography_font_weight":"300","typography_text_transform":"none","typography_font_style":"normal","typography_text_decoration":"none","typography_line_height":{"unit":"em","size":1.5,"sizes":[]},"typography_letter_spacing":{"unit":"px","size":0,"sizes":[]},"typography_font_size_mobile":{"unit":"px","size":14,"sizes":[]},"typography_line_height_tablet":{"unit":"em","size":1,"sizes":[]},"_element_width_tablet":"auto"},"elements":[],"isInner":false,"widgetType":"text-editor","elType":"widget"}],"isInner":false,"elType":"container"}],"isInner":false,"elType":"container"},{"id":"507f1754","settings":{"width":{"unit":"%","size":100,"sizes":[]},"flex_direction":"column","flex_gap":{"unit":"px","size":0,"sizes":[]},"padding":{"unit":"%","top":"5","right":"5","bottom":"5","left":"5","isLinked":true},"padding_tablet":{"unit":"%","top":"","right":"","bottom":"","left":"","isLinked":true},"padding_mobile":{"unit":"%","top":"15","right":"5","bottom":"15","left":"5","isLinked":false},"boxed_width":{"unit":"px","size":1920,"sizes":[]},"_title":"Colors","_element_id":"colors"},"elements":[{"id":"1eb3a3a3","settings":{"flex_direction":"row","flex_justify_content":"flex-start","flex_gap":{"unit":"px","size":12,"sizes":[]},"flex_gap_tablet":{"unit":"px","size":20,"sizes":[]},"flex_gap_mobile":{"unit":"px","size":35,"sizes":[]},"flex_wrap":"wrap","content_width":"full","flex_align_items":"stretch","flex_justify_content_mobile":"space-around","_title":"Colors","flex_justify_content_tablet":"flex-start","padding":{"unit":"px","top":"0","right":"0","bottom":"0","left":"0","isLinked":true}},"elements":[{"id":"3b173a2d","settings":{"title":"Global Colors","title_color":"#1C244B","typography_typography":"custom","typography_font_family":"Poppins","typography_font_size":{"unit":"px","size":22,"sizes":[]},"typography_font_size_tablet":{"unit":"px","size":14,"sizes":[]},"typography_font_weight":"400","typography_text_transform":"uppercase","typography_font_style":"normal","typography_text_decoration":"none","typography_line_height":{"unit":"em","size":1.5,"sizes":[]},"typography_letter_spacing":{"unit":"px","size":0,"sizes":[]},"_element_width":"inherit","_margin":{"unit":"px","top":"0","right":"0","bottom":"60","left":"0","isLinked":false},"_margin_tablet":{"unit":"px","top":"0","right":"0","bottom":"30","left":"0","isLinked":false},"__globals__":{"typography_typography":""}},"elements":[],"isInner":false,"widgetType":"heading","elType":"widget"},{"id":"1dced371","settings":{"title":"SYSTEM","title_color":"#1C244B","typography_typography":"custom","typography_font_family":"Poppins","typography_font_size":{"unit":"px","size":16,"sizes":[]},"typography_font_size_tablet":{"unit":"px","size":14,"sizes":[]},"typography_font_weight":"400","typography_text_transform":"uppercase","typography_font_style":"normal","typography_text_decoration":"none","typography_line_height":{"unit":"em","size":1.5,"sizes":[]},"typography_letter_spacing":{"unit":"px","size":10,"sizes":[]},"_element_width":"inherit","__globals__":{"typography_typography":""}},"elements":[],"isInner":false,"widgetType":"heading","elType":"widget"},{"id":"2941b30f","settings":{"width_tablet":{"unit":"%","size":100,"sizes":[]},"align":"left","text":"System","icon":{"value":{"id":1719,"url":"https:\/\/library.elementor.com\/local-services-wireframe-2-flexbox\/wp-content\/uploads\/sites\/267\/2023\/06\/information_ico.svg"},"library":"svg"},"gap":{"unit":"px","size":2,"sizes":[]},"icon_size":{"unit":"px","size":38,"sizes":[]},"primary_color":"#CAD5DC","icon_align":"right","_element_width":"inherit","_flex_align_self":"center","text_color":"#1C244B","typography_typography":"custom","typography_font_family":"Poppins","typography_font_size":{"unit":"px","size":16,"sizes":[]},"typography_font_size_tablet":{"unit":"px","size":14,"sizes":[]},"typography_font_weight":"300","typography_text_transform":"uppercase","typography_font_style":"normal","typography_text_decoration":"none","typography_line_height":{"unit":"em","size":1.5,"sizes":[]},"typography_letter_spacing":{"unit":"px","size":10,"sizes":[]},"text_align":"left","__globals__":{"typography_typography":"","text_color":"","color":""},"color":"#C8D5DC","_margin":{"unit":"px","top":"0","right":"0","bottom":"60","left":"0","isLinked":false},"_margin_tablet":{"unit":"px","top":"0","right":"0","bottom":"30","left":"0","isLinked":false}},"elements":[],"isInner":false,"widgetType":"divider","elType":"widget"},{"id":"1416722f","settings":{"selected_icon":{"value":{"id":1720,"url":"https:\/\/library.elementor.com\/local-services-wireframe-2-flexbox\/wp-content\/uploads\/sites\/267\/2023\/06\/transparant-background-pat.svg"},"library":"svg"},"title_text":"Primary","description_text":"","icon_space":{"unit":"px","size":0,"sizes":[]},"icon_size":{"unit":"px","size":140,"sizes":[]},"text_align":"left","title_bottom_space":{"unit":"px","size":0,"sizes":[]},"title_typography_typography":"custom","title_typography_font_family":"Poppins","title_typography_font_size":{"unit":"px","size":16,"sizes":[]},"title_typography_font_size_tablet":{"unit":"px","size":14,"sizes":[]},"title_typography_font_weight":"300","title_typography_text_transform":"uppercase","title_typography_font_style":"normal","title_typography_text_decoration":"none","title_typography_line_height":{"unit":"em","size":1.5,"sizes":[]},"title_typography_letter_spacing":{"unit":"px","size":0,"sizes":[]},"__globals__":{"title_typography_typography":"","primary_color":"","secondary_color":"globals\/colors?id=primary"},"_padding":{"unit":"px","top":"10","right":"10","bottom":"10","left":"10","isLinked":true},"_box_shadow_box_shadow_type":"yes","_box_shadow_box_shadow":{"horizontal":0,"vertical":3,"blur":25,"spread":0,"color":"rgba(27.999999999999996, 35.99999999999999, 72, 0.08)"},"icon_size_mobile":{"unit":"px","size":110,"sizes":[]},"_margin":{"unit":"%","top":"","right":"","bottom":"","left":"","isLinked":true},"_margin_tablet":{"unit":"%","top":"","right":"","bottom":"","left":"","isLinked":true},"_margin_mobile":{"unit":"%","top":"","right":"","bottom":"","left":"","isLinked":true},"_box_shadow_hover_box_shadow_type":"yes","_box_shadow_hover_box_shadow":{"horizontal":0,"vertical":0,"blur":10,"spread":0,"color":"rgba(0, 0, 0, 0.3)"},"view":"stacked","icon_padding":{"unit":"px","size":1,"sizes":[]},"border_radius":{"unit":"px","top":"0","right":"0","bottom":"0","left":"0","isLinked":true},"primary_color":"#FFFFFF","secondary_color":"#1C244B","title_color":"#1C244B","description_color":"#324A6D","description_typography_typography":"custom","description_typography_font_family":"Poppins","description_typography_font_size":{"unit":"px","size":16,"sizes":[]},"description_typography_font_size_tablet":{"unit":"px","size":14,"sizes":[]},"description_typography_font_weight":"300","description_typography_text_transform":"none","description_typography_font_style":"normal","description_typography_text_decoration":"none","description_typography_line_height":{"unit":"em","size":1.5,"sizes":[]},"description_typography_letter_spacing":{"unit":"px","size":0,"sizes":[]}},"elements":[],"isInner":false,"widgetType":"icon-box","elType":"widget"},{"id":"413b5a7","settings":{"selected_icon":{"value":{"id":1720,"url":"https:\/\/library.elementor.com\/local-services-wireframe-2-flexbox\/wp-content\/uploads\/sites\/267\/2023\/06\/transparant-background-pat.svg"},"library":"svg"},"title_text":"Secondary","description_text":"","icon_space":{"unit":"px","size":0,"sizes":[]},"icon_size":{"unit":"px","size":140,"sizes":[]},"text_align":"left","title_bottom_space":{"unit":"px","size":0,"sizes":[]},"title_typography_typography":"custom","title_typography_font_family":"Poppins","title_typography_font_size":{"unit":"px","size":16,"sizes":[]},"title_typography_font_size_tablet":{"unit":"px","size":14,"sizes":[]},"title_typography_font_weight":"300","title_typography_text_transform":"uppercase","title_typography_font_style":"normal","title_typography_text_decoration":"none","title_typography_line_height":{"unit":"em","size":1.5,"sizes":[]},"title_typography_letter_spacing":{"unit":"px","size":0,"sizes":[]},"__globals__":{"title_typography_typography":"","primary_color":"","secondary_color":"globals\/colors?id=secondary"},"_padding":{"unit":"px","top":"10","right":"10","bottom":"10","left":"10","isLinked":true},"_box_shadow_box_shadow_type":"yes","_box_shadow_box_shadow":{"horizontal":0,"vertical":3,"blur":25,"spread":0,"color":"rgba(27.999999999999996, 35.99999999999999, 72, 0.08)"},"icon_size_mobile":{"unit":"px","size":110,"sizes":[]},"_box_shadow_hover_box_shadow_type":"yes","_box_shadow_hover_box_shadow":{"horizontal":0,"vertical":0,"blur":10,"spread":0,"color":"rgba(0, 0, 0, 0.3)"},"view":"stacked","icon_padding":{"unit":"px","size":1,"sizes":[]},"border_radius":{"unit":"px","top":"0","right":"0","bottom":"0","left":"0","isLinked":true},"_margin":{"unit":"%","top":"","right":"","bottom":"","left":"","isLinked":true},"_margin_tablet":{"unit":"%","top":"","right":"","bottom":"","left":"","isLinked":true},"_margin_mobile":{"unit":"%","top":"","right":"","bottom":"","left":"","isLinked":true},"primary_color":"#FFFFFF","secondary_color":"#F3F5F8","title_color":"#1C244B","description_color":"#324A6D","description_typography_typography":"custom","description_typography_font_family":"Poppins","description_typography_font_size":{"unit":"px","size":16,"sizes":[]},"description_typography_font_size_tablet":{"unit":"px","size":14,"sizes":[]},"description_typography_font_weight":"300","description_typography_text_transform":"none","description_typography_font_style":"normal","description_typography_text_decoration":"none","description_typography_line_height":{"unit":"em","size":1.5,"sizes":[]},"description_typography_letter_spacing":{"unit":"px","size":0,"sizes":[]}},"elements":[],"isInner":false,"widgetType":"icon-box","elType":"widget"},{"id":"278605f","settings":{"selected_icon":{"value":{"id":1720,"url":"https:\/\/library.elementor.com\/local-services-wireframe-2-flexbox\/wp-content\/uploads\/sites\/267\/2023\/06\/transparant-background-pat.svg"},"library":"svg"},"title_text":"Body text","description_text":"","icon_space":{"unit":"px","size":0,"sizes":[]},"icon_size":{"unit":"px","size":140,"sizes":[]},"text_align":"left","title_bottom_space":{"unit":"px","size":0,"sizes":[]},"title_typography_typography":"custom","title_typography_font_family":"Poppins","title_typography_font_size":{"unit":"px","size":16,"sizes":[]},"title_typography_font_size_tablet":{"unit":"px","size":14,"sizes":[]},"title_typography_font_weight":"300","title_typography_text_transform":"uppercase","title_typography_font_style":"normal","title_typography_text_decoration":"none","title_typography_line_height":{"unit":"em","size":1.5,"sizes":[]},"title_typography_letter_spacing":{"unit":"px","size":0,"sizes":[]},"__globals__":{"title_typography_typography":"","primary_color":"","secondary_color":"globals\/colors?id=text"},"_padding":{"unit":"px","top":"10","right":"10","bottom":"10","left":"10","isLinked":true},"_box_shadow_box_shadow_type":"yes","_box_shadow_box_shadow":{"horizontal":0,"vertical":3,"blur":25,"spread":0,"color":"rgba(27.999999999999996, 35.99999999999999, 72, 0.08)"},"icon_size_mobile":{"unit":"px","size":110,"sizes":[]},"_margin":{"unit":"%","top":"","right":"","bottom":"","left":"","isLinked":true},"_margin_tablet":{"unit":"%","top":"","right":"","bottom":"","left":"","isLinked":true},"_margin_mobile":{"unit":"%","top":"","right":"","bottom":"","left":"","isLinked":true},"_box_shadow_hover_box_shadow_type":"yes","_box_shadow_hover_box_shadow":{"horizontal":0,"vertical":0,"blur":10,"spread":0,"color":"rgba(0, 0, 0, 0.3)"},"view":"stacked","icon_padding":{"unit":"px","size":1,"sizes":[]},"border_radius":{"unit":"px","top":"0","right":"0","bottom":"0","left":"0","isLinked":true},"primary_color":"#000000","secondary_color":"#FFFFFF","title_color":"#1C244B","description_color":"#324A6D","description_typography_typography":"custom","description_typography_font_family":"Poppins","description_typography_font_size":{"unit":"px","size":16,"sizes":[]},"description_typography_font_size_tablet":{"unit":"px","size":14,"sizes":[]},"description_typography_font_weight":"300","description_typography_text_transform":"none","description_typography_font_style":"normal","description_typography_text_decoration":"none","description_typography_line_height":{"unit":"em","size":1.5,"sizes":[]},"description_typography_letter_spacing":{"unit":"px","size":0,"sizes":[]}},"elements":[],"isInner":false,"widgetType":"icon-box","elType":"widget"},{"id":"5d33fcaa","settings":{"selected_icon":{"value":{"id":1720,"url":"https:\/\/library.elementor.com\/local-services-wireframe-2-flexbox\/wp-content\/uploads\/sites\/267\/2023\/06\/transparant-background-pat.svg"},"library":"svg"},"title_text":"accent","description_text":"","icon_space":{"unit":"px","size":0,"sizes":[]},"icon_size":{"unit":"px","size":140,"sizes":[]},"text_align":"left","title_bottom_space":{"unit":"px","size":0,"sizes":[]},"title_typography_typography":"custom","title_typography_font_family":"Poppins","title_typography_font_size":{"unit":"px","size":16,"sizes":[]},"title_typography_font_size_tablet":{"unit":"px","size":14,"sizes":[]},"title_typography_font_weight":"300","title_typography_text_transform":"uppercase","title_typography_font_style":"normal","title_typography_text_decoration":"none","title_typography_line_height":{"unit":"em","size":1.5,"sizes":[]},"title_typography_letter_spacing":{"unit":"px","size":0,"sizes":[]},"__globals__":{"title_typography_typography":"","primary_color":"","secondary_color":"globals\/colors?id=accent"},"_padding":{"unit":"px","top":"10","right":"10","bottom":"10","left":"10","isLinked":true},"_box_shadow_box_shadow_type":"yes","_box_shadow_box_shadow":{"horizontal":0,"vertical":3,"blur":25,"spread":0,"color":"rgba(27.999999999999996, 35.99999999999999, 72, 0.08)"},"icon_size_mobile":{"unit":"px","size":110,"sizes":[]},"_margin":{"unit":"%","top":"","right":"","bottom":"","left":"","isLinked":true},"_margin_tablet":{"unit":"%","top":"","right":"","bottom":"","left":"","isLinked":true},"_margin_mobile":{"unit":"%","top":"","right":"","bottom":"","left":"","isLinked":true},"_box_shadow_hover_box_shadow_type":"yes","_box_shadow_hover_box_shadow":{"horizontal":0,"vertical":0,"blur":10,"spread":0,"color":"rgba(0, 0, 0, 0.3)"},"view":"stacked","icon_padding":{"unit":"px","size":1,"sizes":[]},"border_radius":{"unit":"px","top":"0","right":"0","bottom":"0","left":"0","isLinked":true},"primary_color":"#FFFFFF","secondary_color":"#467FF7"},"elements":[],"isInner":false,"widgetType":"icon-box","elType":"widget"},{"id":"3d7d9bfa","settings":{"title":"custom","title_color":"#1C244B","typography_typography":"custom","typography_font_family":"Poppins","typography_font_size":{"unit":"px","size":16,"sizes":[]},"typography_font_size_tablet":{"unit":"px","size":14,"sizes":[]},"typography_font_weight":"400","typography_text_transform":"uppercase","typography_font_style":"normal","typography_text_decoration":"none","typography_line_height":{"unit":"em","size":1.5,"sizes":[]},"typography_letter_spacing":{"unit":"px","size":10,"sizes":[]},"_element_width":"inherit","_margin":{"unit":"px","top":"100","right":"0","bottom":"0","left":"0","isLinked":false},"__globals__":{"typography_typography":""}},"elements":[],"isInner":false,"widgetType":"heading","elType":"widget"},{"id":"3932d32","settings":{"width_tablet":{"unit":"%","size":100,"sizes":[]},"align":"left","text":"Custom","icon":{"value":{"id":1719,"url":"https:\/\/library.elementor.com\/local-services-wireframe-2-flexbox\/wp-content\/uploads\/sites\/267\/2023\/06\/information_ico.svg"},"library":"svg"},"gap":{"unit":"px","size":2,"sizes":[]},"icon_size":{"unit":"px","size":38,"sizes":[]},"primary_color":"#CAD5DC","icon_align":"right","_element_width":"inherit","_flex_align_self":"center","text_color":"#1C244B","typography_typography":"custom","typography_font_family":"Poppins","typography_font_size":{"unit":"px","size":16,"sizes":[]},"typography_font_size_tablet":{"unit":"px","size":14,"sizes":[]},"typography_font_weight":"300","typography_text_transform":"uppercase","typography_font_style":"normal","typography_text_decoration":"none","typography_line_height":{"unit":"em","size":1.5,"sizes":[]},"typography_letter_spacing":{"unit":"px","size":10,"sizes":[]},"text_align":"left","_margin":{"unit":"px","top":"0","right":"0","bottom":"60","left":"0","isLinked":false},"_margin_tablet":{"unit":"px","top":"0","right":"0","bottom":"30","left":"0","isLinked":false},"__globals__":{"typography_typography":"","text_color":"","color":""},"color":"#C8D5DC"},"elements":[],"isInner":false,"widgetType":"divider","elType":"widget"},{"id":"532e7411","settings":{"selected_icon":{"value":{"id":1720,"url":"https:\/\/library.elementor.com\/local-services-wireframe-2-flexbox\/wp-content\/uploads\/sites\/267\/2023\/06\/transparant-background-pat.svg"},"library":"svg"},"title_text":"BG kIt","description_text":"","icon_space":{"unit":"px","size":0,"sizes":[]},"icon_size":{"unit":"px","size":140,"sizes":[]},"text_align":"left","title_bottom_space":{"unit":"px","size":0,"sizes":[]},"title_typography_typography":"custom","title_typography_font_family":"Poppins","title_typography_font_size":{"unit":"px","size":16,"sizes":[]},"title_typography_font_size_tablet":{"unit":"px","size":14,"sizes":[]},"title_typography_font_weight":"300","title_typography_text_transform":"uppercase","title_typography_font_style":"normal","title_typography_text_decoration":"none","title_typography_line_height":{"unit":"em","size":1.5,"sizes":[]},"title_typography_letter_spacing":{"unit":"px","size":0,"sizes":[]},"__globals__":{"title_typography_typography":"","primary_color":"","secondary_color":"globals\/colors?id=c696dce"},"_padding":{"unit":"px","top":"10","right":"10","bottom":"10","left":"10","isLinked":true},"_box_shadow_box_shadow_type":"yes","_box_shadow_box_shadow":{"horizontal":0,"vertical":3,"blur":25,"spread":0,"color":"rgba(27.999999999999996, 35.99999999999999, 72, 0.08)"},"icon_size_mobile":{"unit":"px","size":110,"sizes":[]},"_margin":{"unit":"%","top":"","right":"","bottom":"","left":"","isLinked":true},"_margin_tablet":{"unit":"%","top":"","right":"","bottom":"","left":"","isLinked":true},"_margin_mobile":{"unit":"%","top":"","right":"","bottom":"","left":"","isLinked":true},"_box_shadow_hover_box_shadow_type":"yes","_box_shadow_hover_box_shadow":{"horizontal":0,"vertical":0,"blur":10,"spread":0,"color":"rgba(0, 0, 0, 0.3)"},"view":"stacked","icon_padding":{"unit":"px","size":1,"sizes":[]},"border_radius":{"unit":"px","top":"0","right":"0","bottom":"0","left":"0","isLinked":true},"primary_color":"#000000","secondary_color":"#FFFFFF","title_color":"#1C244B","description_color":"#324A6D","description_typography_typography":"custom","description_typography_font_family":"Poppins","description_typography_font_size":{"unit":"px","size":16,"sizes":[]},"description_typography_font_size_tablet":{"unit":"px","size":14,"sizes":[]},"description_typography_font_weight":"300","description_typography_text_transform":"none","description_typography_font_style":"normal","description_typography_text_decoration":"none","description_typography_line_height":{"unit":"em","size":1.5,"sizes":[]},"description_typography_letter_spacing":{"unit":"px","size":0,"sizes":[]}},"elements":[],"isInner":false,"widgetType":"icon-box","elType":"widget"},{"id":"583908d3","settings":{"selected_icon":{"value":{"id":1720,"url":"https:\/\/library.elementor.com\/local-services-wireframe-2-flexbox\/wp-content\/uploads\/sites\/267\/2023\/06\/transparant-background-pat.svg"},"library":"svg"},"title_text":"Blue Element","description_text":"","icon_space":{"unit":"px","size":0,"sizes":[]},"icon_size":{"unit":"px","size":140,"sizes":[]},"text_align":"left","title_bottom_space":{"unit":"px","size":0,"sizes":[]},"title_typography_typography":"custom","title_typography_font_family":"Poppins","title_typography_font_size":{"unit":"px","size":16,"sizes":[]},"title_typography_font_size_tablet":{"unit":"px","size":14,"sizes":[]},"title_typography_font_weight":"300","title_typography_text_transform":"uppercase","title_typography_font_style":"normal","title_typography_text_decoration":"none","title_typography_line_height":{"unit":"em","size":1.5,"sizes":[]},"title_typography_letter_spacing":{"unit":"px","size":0,"sizes":[]},"__globals__":{"title_typography_typography":"","primary_color":"","secondary_color":"globals\/colors?id=14ef391"},"_padding":{"unit":"px","top":"10","right":"10","bottom":"10","left":"10","isLinked":true},"_box_shadow_box_shadow_type":"yes","_box_shadow_box_shadow":{"horizontal":0,"vertical":3,"blur":25,"spread":0,"color":"rgba(27.999999999999996, 35.99999999999999, 72, 0.08)"},"icon_size_mobile":{"unit":"px","size":110,"sizes":[]},"view":"stacked","icon_padding":{"unit":"px","size":1,"sizes":[]},"border_radius":{"unit":"px","top":"0","right":"0","bottom":"0","left":"0","isLinked":true},"_margin":{"unit":"%","top":"","right":"","bottom":"","left":"","isLinked":true},"_margin_tablet":{"unit":"%","top":"","right":"","bottom":"","left":"","isLinked":true},"_margin_mobile":{"unit":"%","top":"","right":"","bottom":"","left":"","isLinked":true},"_box_shadow_hover_box_shadow_type":"yes","_box_shadow_hover_box_shadow":{"horizontal":0,"vertical":0,"blur":10,"spread":0,"color":"rgba(0, 0, 0, 0.3)"},"primary_color":"#FFFFFF","secondary_color":"#C8D5DC","title_color":"#1C244B","description_color":"#324A6D","description_typography_typography":"custom","description_typography_font_family":"Poppins","description_typography_font_size":{"unit":"px","size":16,"sizes":[]},"description_typography_font_size_tablet":{"unit":"px","size":14,"sizes":[]},"description_typography_font_weight":"300","description_typography_text_transform":"none","description_typography_font_style":"normal","description_typography_text_decoration":"none","description_typography_line_height":{"unit":"em","size":1.5,"sizes":[]},"description_typography_letter_spacing":{"unit":"px","size":0,"sizes":[]}},"elements":[],"isInner":false,"widgetType":"icon-box","elType":"widget"},{"id":"44795fe6","settings":{"selected_icon":{"value":{"id":1720,"url":"https:\/\/library.elementor.com\/local-services-wireframe-2-flexbox\/wp-content\/uploads\/sites\/267\/2023\/06\/transparant-background-pat.svg"},"library":"svg"},"title_text":"Blue Light BG","description_text":"","icon_space":{"unit":"px","size":0,"sizes":[]},"icon_size":{"unit":"px","size":140,"sizes":[]},"text_align":"left","title_bottom_space":{"unit":"px","size":0,"sizes":[]},"title_typography_typography":"custom","title_typography_font_family":"Poppins","title_typography_font_size":{"unit":"px","size":16,"sizes":[]},"title_typography_font_size_tablet":{"unit":"px","size":14,"sizes":[]},"title_typography_font_weight":"300","title_typography_text_transform":"uppercase","title_typography_font_style":"normal","title_typography_text_decoration":"none","title_typography_line_height":{"unit":"em","size":1.5,"sizes":[]},"title_typography_letter_spacing":{"unit":"px","size":0,"sizes":[]},"__globals__":{"title_typography_typography":"","primary_color":"","secondary_color":"globals\/colors?id=764183d"},"_padding":{"unit":"px","top":"10","right":"10","bottom":"10","left":"10","isLinked":true},"_box_shadow_box_shadow_type":"yes","_box_shadow_box_shadow":{"horizontal":0,"vertical":3,"blur":25,"spread":0,"color":"rgba(27.999999999999996, 35.99999999999999, 72, 0.08)"},"icon_size_mobile":{"unit":"px","size":110,"sizes":[]},"_margin_mobile":{"unit":"%","top":"","right":"","bottom":"","left":"","isLinked":true},"_box_shadow_hover_box_shadow_type":"yes","_box_shadow_hover_box_shadow":{"horizontal":0,"vertical":0,"blur":10,"spread":0,"color":"rgba(0, 0, 0, 0.3)"},"view":"stacked","icon_padding":{"unit":"px","size":1,"sizes":[]},"border_radius":{"unit":"px","top":"0","right":"0","bottom":"0","left":"0","isLinked":true},"_margin":{"unit":"%","top":"","right":"","bottom":"","left":"","isLinked":true},"_margin_tablet":{"unit":"%","top":"","right":"","bottom":"","left":"","isLinked":true},"primary_color":"#000000","secondary_color":"#000000CC","title_color":"#1C244B","description_color":"#324A6D","description_typography_typography":"custom","description_typography_font_family":"Poppins","description_typography_font_size":{"unit":"px","size":16,"sizes":[]},"description_typography_font_size_tablet":{"unit":"px","size":14,"sizes":[]},"description_typography_font_weight":"300","description_typography_text_transform":"none","description_typography_font_style":"normal","description_typography_text_decoration":"none","description_typography_line_height":{"unit":"em","size":1.5,"sizes":[]},"description_typography_letter_spacing":{"unit":"px","size":0,"sizes":[]}},"elements":[],"isInner":false,"widgetType":"icon-box","elType":"widget"},{"id":"215d2795","settings":{"selected_icon":{"value":{"id":1720,"url":"https:\/\/library.elementor.com\/local-services-wireframe-2-flexbox\/wp-content\/uploads\/sites\/267\/2023\/06\/transparant-background-pat.svg"},"library":"svg"},"title_text":"White Element","description_text":"","icon_space":{"unit":"px","size":0,"sizes":[]},"icon_size":{"unit":"px","size":140,"sizes":[]},"text_align":"left","title_bottom_space":{"unit":"px","size":0,"sizes":[]},"title_typography_typography":"custom","title_typography_font_family":"Poppins","title_typography_font_size":{"unit":"px","size":16,"sizes":[]},"title_typography_font_size_tablet":{"unit":"px","size":14,"sizes":[]},"title_typography_font_weight":"300","title_typography_text_transform":"uppercase","title_typography_font_style":"normal","title_typography_text_decoration":"none","title_typography_line_height":{"unit":"em","size":1.5,"sizes":[]},"title_typography_letter_spacing":{"unit":"px","size":0,"sizes":[]},"__globals__":{"title_typography_typography":"","primary_color":"","secondary_color":"globals\/colors?id=c696dce"},"_padding":{"unit":"px","top":"10","right":"10","bottom":"10","left":"10","isLinked":true},"_box_shadow_box_shadow_type":"yes","_box_shadow_box_shadow":{"horizontal":0,"vertical":3,"blur":25,"spread":0,"color":"rgba(27.999999999999996, 35.99999999999999, 72, 0.08)"},"icon_size_mobile":{"unit":"px","size":110,"sizes":[]},"_margin":{"unit":"%","top":"","right":"","bottom":"","left":"","isLinked":true},"_margin_tablet":{"unit":"%","top":"","right":"","bottom":"","left":"","isLinked":true},"_margin_mobile":{"unit":"%","top":"","right":"","bottom":"","left":"","isLinked":true},"_box_shadow_hover_box_shadow_type":"yes","_box_shadow_hover_box_shadow":{"horizontal":0,"vertical":0,"blur":10,"spread":0,"color":"rgba(0, 0, 0, 0.3)"},"view":"stacked","icon_padding":{"unit":"px","size":1,"sizes":[]},"border_radius":{"unit":"px","top":"0","right":"0","bottom":"0","left":"0","isLinked":true},"primary_color":"#000000","secondary_color":"#FFFFFF","title_color":"#1C244B","description_color":"#324A6D","description_typography_typography":"custom","description_typography_font_family":"Poppins","description_typography_font_size":{"unit":"px","size":16,"sizes":[]},"description_typography_font_size_tablet":{"unit":"px","size":14,"sizes":[]},"description_typography_font_weight":"300","description_typography_text_transform":"none","description_typography_font_style":"normal","description_typography_text_decoration":"none","description_typography_line_height":{"unit":"em","size":1.5,"sizes":[]},"description_typography_letter_spacing":{"unit":"px","size":0,"sizes":[]}},"elements":[],"isInner":false,"widgetType":"icon-box","elType":"widget"},{"id":"65d2df8f","settings":{"selected_icon":{"value":{"id":1720,"url":"https:\/\/library.elementor.com\/local-services-wireframe-2-flexbox\/wp-content\/uploads\/sites\/267\/2023\/06\/transparant-background-pat.svg"},"library":"svg"},"title_text":"Transparent","description_text":"","icon_space":{"unit":"px","size":0,"sizes":[]},"icon_size":{"unit":"px","size":140,"sizes":[]},"text_align":"left","title_bottom_space":{"unit":"px","size":0,"sizes":[]},"title_typography_typography":"custom","title_typography_font_family":"Poppins","title_typography_font_size":{"unit":"px","size":16,"sizes":[]},"title_typography_font_size_tablet":{"unit":"px","size":14,"sizes":[]},"title_typography_font_weight":"300","title_typography_text_transform":"uppercase","title_typography_font_style":"normal","title_typography_text_decoration":"none","title_typography_line_height":{"unit":"em","size":1.5,"sizes":[]},"title_typography_letter_spacing":{"unit":"px","size":0,"sizes":[]},"__globals__":{"title_typography_typography":"","primary_color":"","secondary_color":"globals\/colors?id=86b4fcd"},"_padding":{"unit":"px","top":"10","right":"10","bottom":"10","left":"10","isLinked":true},"_box_shadow_box_shadow_type":"yes","_box_shadow_box_shadow":{"horizontal":0,"vertical":3,"blur":25,"spread":0,"color":"rgba(27.999999999999996, 35.99999999999999, 72, 0.08)"},"icon_size_mobile":{"unit":"px","size":110,"sizes":[]},"_margin":{"unit":"%","top":"","right":"","bottom":"","left":"","isLinked":true},"_margin_tablet":{"unit":"%","top":"","right":"","bottom":"","left":"","isLinked":true},"_margin_mobile":{"unit":"%","top":"","right":"","bottom":"","left":"","isLinked":true},"_box_shadow_hover_box_shadow_type":"yes","_box_shadow_hover_box_shadow":{"horizontal":0,"vertical":0,"blur":10,"spread":0,"color":"rgba(0, 0, 0, 0.3)"},"view":"stacked","icon_padding":{"unit":"px","size":1,"sizes":[]},"border_radius":{"unit":"px","top":"0","right":"0","bottom":"0","left":"0","isLinked":true},"primary_color":"#FFFFFF","secondary_color":"#02010100","title_color":"#1C244B","description_color":"#324A6D","description_typography_typography":"custom","description_typography_font_family":"Poppins","description_typography_font_size":{"unit":"px","size":16,"sizes":[]},"description_typography_font_size_tablet":{"unit":"px","size":14,"sizes":[]},"description_typography_font_weight":"300","description_typography_text_transform":"none","description_typography_font_style":"normal","description_typography_text_decoration":"none","description_typography_line_height":{"unit":"em","size":1.5,"sizes":[]},"description_typography_letter_spacing":{"unit":"px","size":0,"sizes":[]}},"elements":[],"isInner":false,"widgetType":"icon-box","elType":"widget"},{"id":"5aa11268","settings":{"selected_icon":{"value":{"id":1720,"url":"https:\/\/library.elementor.com\/local-services-wireframe-2-flexbox\/wp-content\/uploads\/sites\/267\/2023\/06\/transparant-background-pat.svg"},"library":"svg"},"title_text":"Overlay bg","description_text":"","icon_space":{"unit":"px","size":0,"sizes":[]},"icon_size":{"unit":"px","size":140,"sizes":[]},"text_align":"left","title_bottom_space":{"unit":"px","size":0,"sizes":[]},"title_typography_typography":"custom","title_typography_font_family":"Poppins","title_typography_font_size":{"unit":"px","size":16,"sizes":[]},"title_typography_font_size_tablet":{"unit":"px","size":14,"sizes":[]},"title_typography_font_weight":"300","title_typography_text_transform":"uppercase","title_typography_font_style":"normal","title_typography_text_decoration":"none","title_typography_line_height":{"unit":"em","size":1.5,"sizes":[]},"title_typography_letter_spacing":{"unit":"px","size":0,"sizes":[]},"__globals__":{"title_typography_typography":"","primary_color":"","secondary_color":"globals\/colors?id=57c8da2"},"_padding":{"unit":"px","top":"10","right":"10","bottom":"10","left":"10","isLinked":true},"_box_shadow_box_shadow_type":"yes","_box_shadow_box_shadow":{"horizontal":0,"vertical":3,"blur":25,"spread":0,"color":"rgba(27.999999999999996, 35.99999999999999, 72, 0.08)"},"icon_size_mobile":{"unit":"px","size":110,"sizes":[]},"_margin_mobile":{"unit":"%","top":"","right":"","bottom":"","left":"","isLinked":true},"_box_shadow_hover_box_shadow_type":"yes","_box_shadow_hover_box_shadow":{"horizontal":0,"vertical":0,"blur":10,"spread":0,"color":"rgba(0, 0, 0, 0.3)"},"view":"stacked","icon_padding":{"unit":"px","size":1,"sizes":[]},"border_radius":{"unit":"px","top":"0","right":"0","bottom":"0","left":"0","isLinked":true},"_margin":{"unit":"%","top":"","right":"","bottom":"","left":"","isLinked":true},"_margin_tablet":{"unit":"%","top":"","right":"","bottom":"","left":"","isLinked":true},"primary_color":"#FFFFFF","secondary_color":"#000000CC","title_color":"#1C244B","description_color":"#324A6D","description_typography_typography":"custom","description_typography_font_family":"Poppins","description_typography_font_size":{"unit":"px","size":16,"sizes":[]},"description_typography_font_size_tablet":{"unit":"px","size":14,"sizes":[]},"description_typography_font_weight":"300","description_typography_text_transform":"none","description_typography_font_style":"normal","description_typography_text_decoration":"none","description_typography_line_height":{"unit":"em","size":1.5,"sizes":[]},"description_typography_letter_spacing":{"unit":"px","size":0,"sizes":[]}},"elements":[],"isInner":false,"widgetType":"icon-box","elType":"widget"}],"isInner":false,"elType":"container"}],"isInner":false,"elType":"container"},{"id":"593b4ee5","settings":{"width":{"unit":"%","size":100,"sizes":[]},"flex_direction":"column","flex_gap":{"unit":"px","size":0,"sizes":[]},"padding":{"unit":"%","top":"5","right":"5","bottom":"5","left":"5","isLinked":false},"padding_tablet":{"unit":"%","top":"","right":"","bottom":"","left":"","isLinked":true},"padding_mobile":{"unit":"%","top":"15","right":"5","bottom":"15","left":"5","isLinked":false},"boxed_width":{"unit":"px","size":1920,"sizes":[]},"_title":"Fonts","_element_id":"fonts"},"elements":[{"id":"19aeb989","settings":{"flex_direction":"column","flex_justify_content":"flex-start","flex_gap":{"unit":"px","size":50,"sizes":[]},"flex_gap_tablet":{"unit":"px","size":20,"sizes":[]},"flex_gap_mobile":{"unit":"px","size":35,"sizes":[]},"flex_wrap":"wrap","content_width":"full","flex_align_items":"stretch","flex_justify_content_mobile":"space-around","_title":"Fonts","flex_justify_content_tablet":"flex-start","padding":{"unit":"px","top":"0","right":"0","bottom":"0","left":"0","isLinked":true}},"elements":[{"id":"2e3878f6","settings":{"title":"Global Fonts","title_color":"#1C244B","typography_typography":"custom","typography_font_family":"Poppins","typography_font_size":{"unit":"px","size":22,"sizes":[]},"typography_font_size_tablet":{"unit":"px","size":14,"sizes":[]},"typography_font_weight":"400","typography_text_transform":"uppercase","typography_font_style":"normal","typography_text_decoration":"none","typography_line_height":{"unit":"em","size":1.5,"sizes":[]},"typography_letter_spacing":{"unit":"px","size":0,"sizes":[]},"_element_width":"inherit","_margin_tablet":{"unit":"px","top":"0","right":"0","bottom":"20","left":"0","isLinked":false},"__globals__":{"typography_typography":""}},"elements":[],"isInner":false,"widgetType":"heading","elType":"widget"},{"id":"1d0455c","settings":{"content_width":"full","flex_direction":"column","flex_gap":{"unit":"px","size":10,"sizes":[]},"padding":{"unit":"px","top":"0","right":"0","bottom":"0","left":"0","isLinked":true}},"elements":[{"id":"1c6f354e","settings":{"title":"SYSTEM","title_color":"#1C244B","typography_typography":"custom","typography_font_family":"Poppins","typography_font_size":{"unit":"px","size":16,"sizes":[]},"typography_font_size_tablet":{"unit":"px","size":14,"sizes":[]},"typography_font_weight":"400","typography_text_transform":"uppercase","typography_font_style":"normal","typography_text_decoration":"none","typography_line_height":{"unit":"em","size":1.5,"sizes":[]},"typography_letter_spacing":{"unit":"px","size":10,"sizes":[]},"_element_width":"inherit","__globals__":{"typography_typography":""}},"elements":[],"isInner":false,"widgetType":"heading","elType":"widget"},{"id":"21c5d2f6","settings":{"width_tablet":{"unit":"%","size":100,"sizes":[]},"align":"left","text":"System","icon":{"value":{"id":1719,"url":"https:\/\/library.elementor.com\/local-services-wireframe-2-flexbox\/wp-content\/uploads\/sites\/267\/2023\/06\/information_ico.svg"},"library":"svg"},"gap":{"unit":"px","size":2,"sizes":[]},"icon_size":{"unit":"px","size":38,"sizes":[]},"primary_color":"#CAD5DC","icon_align":"right","_element_width":"inherit","_flex_align_self":"center","text_color":"#1C244B","typography_typography":"custom","typography_font_family":"Poppins","typography_font_size":{"unit":"px","size":16,"sizes":[]},"typography_font_size_tablet":{"unit":"px","size":14,"sizes":[]},"typography_font_weight":"300","typography_text_transform":"uppercase","typography_font_style":"normal","typography_text_decoration":"none","typography_line_height":{"unit":"em","size":1.5,"sizes":[]},"typography_letter_spacing":{"unit":"px","size":10,"sizes":[]},"text_align":"left","__globals__":{"typography_typography":"","text_color":"","color":""},"color":"#C8D5DC"},"elements":[],"isInner":false,"widgetType":"divider","elType":"widget"}],"isInner":false,"elType":"container"},{"id":"1a7d6a57","settings":{"image":{"url":"","id":"","size":""},"title_text":"Primary","description_text":"abcd","position":"left","title_size":"div","text_align_mobile":"left","title_bottom_space":{"unit":"px","size":12,"sizes":[]},"title_typography_typography":"custom","title_typography_font_family":"Poppins","title_typography_font_size":{"unit":"px","size":16,"sizes":[]},"title_typography_font_size_tablet":{"unit":"px","size":14,"sizes":[]},"title_typography_font_weight":"300","title_typography_text_transform":"uppercase","title_typography_font_style":"normal","title_typography_text_decoration":"none","title_typography_line_height":{"unit":"em","size":1.5,"sizes":[]},"title_typography_letter_spacing":{"unit":"px","size":0,"sizes":[]},"__globals__":{"title_typography_typography":"","description_typography_typography":"globals\/typography?id=primary"},"title_color":"#1C244B"},"elements":[],"isInner":false,"widgetType":"image-box","elType":"widget"},{"id":"260cb17f","settings":{"image":{"url":"","id":"","size":""},"title_text":"Secondary","description_text":"abcd","position":"left","title_size":"div","text_align_mobile":"left","title_bottom_space":{"unit":"px","size":12,"sizes":[]},"title_typography_typography":"custom","title_typography_font_family":"Poppins","title_typography_font_size":{"unit":"px","size":16,"sizes":[]},"title_typography_font_size_tablet":{"unit":"px","size":14,"sizes":[]},"title_typography_font_weight":"300","title_typography_text_transform":"uppercase","title_typography_font_style":"normal","title_typography_text_decoration":"none","title_typography_line_height":{"unit":"em","size":1.5,"sizes":[]},"title_typography_letter_spacing":{"unit":"px","size":0,"sizes":[]},"__globals__":{"title_typography_typography":"","description_typography_typography":"globals\/typography?id=secondary"},"title_color":"#1C244B"},"elements":[],"isInner":false,"widgetType":"image-box","elType":"widget"},{"id":"427597ce","settings":{"image":{"url":"","id":"","size":""},"title_text":"body text","description_text":"Looking to change global styles?<br>Click on top left menu in sidebar<br>and then select Site Settings.","position":"left","title_size":"div","text_align_mobile":"left","title_bottom_space":{"unit":"px","size":12,"sizes":[]},"__globals__":{"title_typography_typography":"","description_typography_typography":"globals\/typography?id=text"},"title_color":"#1C244B","title_typography_typography":"custom","title_typography_font_family":"Poppins","title_typography_font_size":{"unit":"px","size":16,"sizes":[]},"title_typography_font_size_tablet":{"unit":"px","size":14,"sizes":[]},"title_typography_font_weight":"300","title_typography_text_transform":"uppercase","title_typography_font_style":"normal","title_typography_text_decoration":"none","title_typography_line_height":{"unit":"em","size":1.5,"sizes":[]},"title_typography_letter_spacing":{"unit":"px","size":0,"sizes":[]}},"elements":[],"isInner":false,"widgetType":"image-box","elType":"widget"},{"id":"34190807","settings":{"image":{"url":"","id":"","size":""},"title_text":"accent text","description_text":"abcd","position":"left","title_size":"div","text_align_mobile":"left","title_bottom_space":{"unit":"px","size":12,"sizes":[]},"__globals__":{"title_typography_typography":"","description_typography_typography":"globals\/typography?id=accent"},"title_color":"#1C244B","title_typography_typography":"custom","title_typography_font_family":"Poppins","title_typography_font_size":{"unit":"px","size":16,"sizes":[]},"title_typography_font_size_tablet":{"unit":"px","size":14,"sizes":[]},"title_typography_font_weight":"300","title_typography_text_transform":"uppercase","title_typography_font_style":"normal","title_typography_text_decoration":"none","title_typography_line_height":{"unit":"em","size":1.5,"sizes":[]},"title_typography_letter_spacing":{"unit":"px","size":0,"sizes":[]}},"elements":[],"isInner":false,"widgetType":"image-box","elType":"widget"},{"id":"b882ad4","settings":{"content_width":"full","flex_direction":"column","flex_gap":{"unit":"px","size":10,"sizes":[]},"margin":{"unit":"%","top":"5","right":"0","bottom":"0","left":"0","isLinked":false},"margin_tablet":{"unit":"%","top":"","right":"","bottom":"","left":"","isLinked":true},"margin_mobile":{"unit":"%","top":"","right":"","bottom":"","left":"","isLinked":true},"padding":{"unit":"px","top":"0","right":"0","bottom":"0","left":"0","isLinked":true},"_title":"Container"},"elements":[{"id":"5f412312","settings":{"title":"custom","title_color":"#1C244B","typography_typography":"custom","typography_font_family":"Poppins","typography_font_size":{"unit":"px","size":16,"sizes":[]},"typography_font_size_tablet":{"unit":"px","size":14,"sizes":[]},"typography_font_weight":"400","typography_text_transform":"uppercase","typography_font_style":"normal","typography_text_decoration":"none","typography_line_height":{"unit":"em","size":1.5,"sizes":[]},"typography_letter_spacing":{"unit":"px","size":10,"sizes":[]},"_element_width":"inherit","__globals__":{"typography_typography":""}},"elements":[],"isInner":false,"widgetType":"heading","elType":"widget"},{"id":"a70435c","settings":{"width_tablet":{"unit":"%","size":100,"sizes":[]},"align":"left","text":"System","icon":{"value":{"id":1719,"url":"https:\/\/library.elementor.com\/local-services-wireframe-2-flexbox\/wp-content\/uploads\/sites\/267\/2023\/06\/information_ico.svg"},"library":"svg"},"gap":{"unit":"px","size":2,"sizes":[]},"icon_size":{"unit":"px","size":38,"sizes":[]},"primary_color":"#CAD5DC","icon_align":"right","_element_width":"inherit","_flex_align_self":"center","text_color":"#1C244B","typography_typography":"custom","typography_font_family":"Poppins","typography_font_size":{"unit":"px","size":16,"sizes":[]},"typography_font_size_tablet":{"unit":"px","size":14,"sizes":[]},"typography_font_weight":"300","typography_text_transform":"uppercase","typography_font_style":"normal","typography_text_decoration":"none","typography_line_height":{"unit":"em","size":1.5,"sizes":[]},"typography_letter_spacing":{"unit":"px","size":10,"sizes":[]},"text_align":"left","__globals__":{"typography_typography":"","text_color":"","color":""},"color":"#C8D5DC"},"elements":[],"isInner":false,"widgetType":"divider","elType":"widget"}],"isInner":false,"elType":"container"},{"id":"257eb25a","settings":{"image":{"url":"","id":"","size":""},"title_text":"404 title","description_text":"abcd","position":"left","title_size":"div","text_align_mobile":"left","title_bottom_space":{"unit":"px","size":12,"sizes":[]},"title_typography_typography":"custom","title_typography_font_family":"Poppins","title_typography_font_size":{"unit":"px","size":16,"sizes":[]},"title_typography_font_size_tablet":{"unit":"px","size":14,"sizes":[]},"title_typography_font_weight":"300","title_typography_text_transform":"uppercase","title_typography_font_style":"normal","title_typography_text_decoration":"none","title_typography_line_height":{"unit":"em","size":1.5,"sizes":[]},"title_typography_letter_spacing":{"unit":"px","size":0,"sizes":[]},"__globals__":{"title_typography_typography":"","description_typography_typography":"globals\/typography?id=fb1a3e0"},"title_color":"#1C244B"},"elements":[],"isInner":false,"widgetType":"image-box","elType":"widget"},{"id":"2b1978ad","settings":{"image":{"url":"","id":"","size":""},"title_text":"Hero headline","description_text":"abcd","position":"left","title_size":"div","text_align_mobile":"left","title_bottom_space":{"unit":"px","size":12,"sizes":[]},"title_typography_typography":"custom","title_typography_font_family":"Poppins","title_typography_font_size":{"unit":"px","size":16,"sizes":[]},"title_typography_font_size_tablet":{"unit":"px","size":14,"sizes":[]},"title_typography_font_weight":"300","title_typography_text_transform":"uppercase","title_typography_font_style":"normal","title_typography_text_decoration":"none","title_typography_line_height":{"unit":"em","size":1.5,"sizes":[]},"title_typography_letter_spacing":{"unit":"px","size":0,"sizes":[]},"__globals__":{"title_typography_typography":"","description_typography_typography":"globals\/typography?id=b2deeae"},"title_color":"#1C244B"},"elements":[],"isInner":false,"widgetType":"image-box","elType":"widget"},{"id":"5ed814ee","settings":{"image":{"url":"","id":"","size":""},"title_text":"Box Title","description_text":"abcd","position":"left","title_size":"div","text_align_mobile":"left","title_bottom_space":{"unit":"px","size":12,"sizes":[]},"title_typography_typography":"custom","title_typography_font_family":"Poppins","title_typography_font_size":{"unit":"px","size":16,"sizes":[]},"title_typography_font_size_tablet":{"unit":"px","size":14,"sizes":[]},"title_typography_font_weight":"300","title_typography_text_transform":"uppercase","title_typography_font_style":"normal","title_typography_text_decoration":"none","title_typography_line_height":{"unit":"em","size":1.5,"sizes":[]},"title_typography_letter_spacing":{"unit":"px","size":0,"sizes":[]},"__globals__":{"title_typography_typography":"","description_typography_typography":"globals\/typography?id=392b9e0"},"title_color":"#1C244B","description_color":"#324A6D"},"elements":[],"isInner":false,"widgetType":"image-box","elType":"widget"},{"id":"77d417a9","settings":{"image":{"url":"","id":"","size":""},"title_text":"Subtitle","description_text":"abcd","position":"left","title_size":"div","text_align_mobile":"left","title_bottom_space":{"unit":"px","size":12,"sizes":[]},"__globals__":{"title_typography_typography":"","description_typography_typography":"globals\/typography?id=c05b693"},"title_color":"#1C244B","title_typography_typography":"custom","title_typography_font_family":"Poppins","title_typography_font_size":{"unit":"px","size":16,"sizes":[]},"title_typography_font_size_tablet":{"unit":"px","size":14,"sizes":[]},"title_typography_font_weight":"300","title_typography_text_transform":"uppercase","title_typography_font_style":"normal","title_typography_text_decoration":"none","title_typography_line_height":{"unit":"em","size":1.5,"sizes":[]},"title_typography_letter_spacing":{"unit":"px","size":0,"sizes":[]},"description_color":"#324A6D"},"elements":[],"isInner":false,"widgetType":"image-box","elType":"widget"},{"id":"190343ee","settings":{"image":{"url":"","id":"","size":""},"title_text":"Special  Title","description_text":"abcd","position":"left","title_size":"div","text_align_mobile":"left","title_bottom_space":{"unit":"px","size":12,"sizes":[]},"__globals__":{"title_typography_typography":"","description_typography_typography":"globals\/typography?id=6558fb1"},"title_color":"#1C244B","title_typography_typography":"custom","title_typography_font_family":"Poppins","title_typography_font_size":{"unit":"px","size":16,"sizes":[]},"title_typography_font_size_tablet":{"unit":"px","size":14,"sizes":[]},"title_typography_font_weight":"300","title_typography_text_transform":"uppercase","title_typography_font_style":"normal","title_typography_text_decoration":"none","title_typography_line_height":{"unit":"em","size":1.5,"sizes":[]},"title_typography_letter_spacing":{"unit":"px","size":0,"sizes":[]},"description_color":"#324A6D"},"elements":[],"isInner":false,"widgetType":"image-box","elType":"widget"},{"id":"1a2b1e67","settings":{"image":{"url":"","id":"","size":""},"title_text":"Body Text Italic Capitalize","description_text":"abcd","position":"left","title_size":"div","text_align_mobile":"left","title_bottom_space":{"unit":"px","size":12,"sizes":[]},"__globals__":{"title_typography_typography":"","description_typography_typography":"globals\/typography?id=397e168"},"title_color":"#1C244B","title_typography_typography":"custom","title_typography_font_family":"Poppins","title_typography_font_size":{"unit":"px","size":16,"sizes":[]},"title_typography_font_size_tablet":{"unit":"px","size":14,"sizes":[]},"title_typography_font_weight":"300","title_typography_text_transform":"uppercase","title_typography_font_style":"normal","title_typography_text_decoration":"none","title_typography_line_height":{"unit":"em","size":1.5,"sizes":[]},"title_typography_letter_spacing":{"unit":"px","size":0,"sizes":[]},"description_color":"#324A6D"},"elements":[],"isInner":false,"widgetType":"image-box","elType":"widget"},{"id":"4660360e","settings":{"image":{"url":"","id":"","size":""},"title_text":"Accent Text Underline","description_text":"abcd","position":"left","title_size":"div","text_align_mobile":"left","title_bottom_space":{"unit":"px","size":12,"sizes":[]},"__globals__":{"title_typography_typography":"","description_typography_typography":"globals\/typography?id=92bce3b"},"title_color":"#1C244B","title_typography_typography":"custom","title_typography_font_family":"Poppins","title_typography_font_size":{"unit":"px","size":16,"sizes":[]},"title_typography_font_size_tablet":{"unit":"px","size":14,"sizes":[]},"title_typography_font_weight":"300","title_typography_text_transform":"uppercase","title_typography_font_style":"normal","title_typography_text_decoration":"none","title_typography_line_height":{"unit":"em","size":1.5,"sizes":[]},"title_typography_letter_spacing":{"unit":"px","size":0,"sizes":[]},"description_color":"#324A6D"},"elements":[],"isInner":false,"widgetType":"image-box","elType":"widget"}],"isInner":false,"elType":"container"}],"isInner":false,"elType":"container"},{"id":"1366a0d1","settings":{"width":{"unit":"%","size":100,"sizes":[]},"flex_direction":"column","flex_gap":{"unit":"px","size":0,"sizes":[]},"padding":{"unit":"%","top":"5","right":"5","bottom":"5","left":"5","isLinked":true},"padding_tablet":{"unit":"%","top":"","right":"","bottom":"","left":"","isLinked":true},"padding_mobile":{"unit":"%","top":"15","right":"5","bottom":"15","left":"5","isLinked":false},"boxed_width":{"unit":"px","size":1920,"sizes":[]},"_title":"Buttons","_element_id":"buttons"},"elements":[{"id":"6b1724ef","settings":{"content_width":"full","flex_direction":"row","flex_align_items":"center","flex_direction_mobile":"column","padding":{"unit":"px","top":"0","right":"0","bottom":"0","left":"0","isLinked":true}},"elements":[{"id":"1b98c0e2","settings":{"title":"Buttons & Links","title_color":"#1C244B","typography_typography":"custom","typography_font_family":"Poppins","typography_font_size":{"unit":"px","size":22,"sizes":[]},"typography_font_size_tablet":{"unit":"px","size":14,"sizes":[]},"typography_font_weight":"400","typography_text_transform":"uppercase","typography_font_style":"normal","typography_text_decoration":"none","typography_line_height":{"unit":"em","size":1.5,"sizes":[]},"typography_letter_spacing":{"unit":"px","size":0,"sizes":[]},"_element_width":"inherit","_element_id":"buttons","__globals__":{"typography_typography":""}},"elements":[],"isInner":false,"widgetType":"heading","elType":"widget"},{"id":"1eca0d4c","settings":{"content_width":"full","width":{"unit":"px","size":420,"sizes":[]},"width_tablet":{"unit":"%","size":54,"sizes":[]},"width_mobile":{"unit":"%","size":100,"sizes":[]},"flex_direction":"row","flex_justify_content":"center","flex_align_items":"center","flex_gap":{"unit":"px","size":20,"sizes":[]},"_flex_align_self":"stretch","_flex_size":"grow","background_background":"classic","padding":{"unit":"px","top":"0","right":"0","bottom":"0","left":"0","isLinked":false},"padding_mobile":{"unit":"px","top":"23","right":"0","bottom":"23","left":"0","isLinked":false},"_title":"Information","flex_justify_content_mobile":"flex-start","flex_wrap_mobile":"nowrap"},"elements":[{"id":"6c5a0e30","settings":{"selected_icon":{"value":{"id":1719,"url":"https:\/\/library.elementor.com\/local-services-wireframe-2-flexbox\/wp-content\/uploads\/sites\/267\/2023\/06\/information_ico.svg"},"library":"svg"},"primary_color":"#CAD5DC","size":{"unit":"px","size":35,"sizes":[]},"hover_animation":"grow"},"elements":[],"isInner":false,"widgetType":"icon","elType":"widget"},{"id":"578c3946","settings":{"editor":"<p>Buttons and links inherit their style from Global Fonts and Colors settings in Site Settings.<\/p>","align":"left","_element_width":"inherit","_flex_align_self":"center","align_mobile":"left","text_color":"#324A6D","typography_typography":"custom","typography_font_family":"Poppins","typography_font_size":{"unit":"px","size":16,"sizes":[]},"typography_font_size_tablet":{"unit":"px","size":14,"sizes":[]},"typography_font_weight":"300","typography_text_transform":"none","typography_font_style":"normal","typography_text_decoration":"none","typography_line_height":{"unit":"em","size":1.5,"sizes":[]},"typography_letter_spacing":{"unit":"px","size":0,"sizes":[]},"typography_font_size_mobile":{"unit":"px","size":12,"sizes":[]}},"elements":[],"isInner":false,"widgetType":"text-editor","elType":"widget"}],"isInner":false,"elType":"container"}],"isInner":false,"elType":"container"},{"id":"1aea1055","settings":{"width_tablet":{"unit":"%","size":100,"sizes":[]},"align":"left","text":"Divider","icon":{"value":{"id":1719,"url":"https:\/\/library.elementor.com\/local-services-wireframe-2-flexbox\/wp-content\/uploads\/sites\/267\/2023\/06\/information_ico.svg"},"library":"svg"},"color":"#CAD5DC","gap":{"unit":"px","size":10,"sizes":[]},"icon_size":{"unit":"px","size":30,"sizes":[]},"primary_color":"#CAD5DC","icon_align":"right","_element_width":"inherit","_flex_align_self":"center","_margin":{"unit":"px","top":"0","right":"0","bottom":"15","left":"0","isLinked":false}},"elements":[],"isInner":false,"widgetType":"divider","elType":"widget"},{"id":"4f6a1c51","settings":{"flex_direction":"row","flex_wrap":"wrap","content_width":"full","flex_gap":{"unit":"px","size":100,"sizes":[]},"flex_gap_tablet":{"unit":"%","size":"","sizes":[]},"flex_gap_mobile":{"unit":"px","size":50,"sizes":[]},"flex_justify_content":"flex-start","flex_direction_mobile":"column","_title":"Buttons","flex_align_items":"center","flex_align_items_mobile":"stretch","padding":{"unit":"px","top":"0","right":"0","bottom":"0","left":"0","isLinked":true}},"elements":[{"id":"70360b6b","settings":{"text":"Main CTA button","border_radius":{"unit":"px","top":"100","right":"100","bottom":"100","left":"100","isLinked":"1"},"text_padding":{"unit":"px","top":"16","right":"55","bottom":"16","left":"55","isLinked":""},"button_text_color":"#FFFFFF","border_border":"solid","border_width":{"unit":"px","top":"1","right":"1","bottom":"1","left":"1","isLinked":"1"},"border_color":"#2C6FC0","__globals__":{"button_text_color":"globals\/colors?id=d6cea4e","border_color":"globals\/colors?id=accent","button_background_hover_color":"globals\/colors?id=86b4fcd","hover_color":"globals\/colors?id=accent","background_color":"globals\/colors?id=accent"}},"elements":[],"isInner":false,"widgetType":"button","elType":"widget"},{"id":"73b58f74","settings":{"text":"Underline Accent","__globals__":{"background_color":"globals\/colors?id=86b4fcd","button_text_color":"globals\/colors?id=primary","typography_typography":"globals\/typography?id=92bce3b","hover_color":"globals\/colors?id=accent"},"text_padding":{"unit":"px","top":"0","right":"0","bottom":"0","left":"0","isLinked":false}},"elements":[],"isInner":false,"widgetType":"button","elType":"widget"},{"id":"23fd22fb","settings":{"editor":"This is <a href=\"#\">Hyperlink<\/a>","_element_width":"auto","_margin":{"unit":"px","top":"0","right":"0","bottom":"0","left":"0","isLinked":false},"text_color":"#324A6D","typography_typography":"custom","typography_font_family":"Poppins","typography_font_size":{"unit":"px","size":16,"sizes":[]},"typography_font_size_tablet":{"unit":"px","size":14,"sizes":[]},"typography_font_weight":"300","typography_text_transform":"none","typography_font_style":"normal","typography_text_decoration":"none","typography_line_height":{"unit":"em","size":1.5,"sizes":[]},"typography_letter_spacing":{"unit":"px","size":0,"sizes":[]}},"elements":[],"isInner":false,"widgetType":"text-editor","elType":"widget"}],"isInner":false,"elType":"container"}],"isInner":false,"elType":"container"}],"settings":{"template":"elementor_canvas"},"metadata":[]}