{"content":[{"id":"d5cfde3","settings":{"flex_gap":{"size":35,"unit":"px"},"min_height":{"unit":"vh","size":93,"sizes":[]},"background_background":"classic","flex_align_items":"stretch","content_position":"middle","padding":{"unit":"%","top":"0","right":"2","bottom":"0","left":"2","isLinked":""},"padding_tablet":{"unit":"%","top":"0","right":"5","bottom":"0","left":"5","isLinked":""},"_title":"Hero","__globals__":{"background_color":""},"min_height_tablet":{"unit":"vh","size":93.3,"sizes":[]},"min_height_mobile":{"unit":"vh","size":"","sizes":[]},"boxed_width":{"unit":"px","size":950,"sizes":[]},"background_image":{"url":"https:\/\/library.elementor.com\/local-services-wireframe-2\/wp-content\/uploads\/sites\/190\/2022\/01\/hero-bg-image.jpg","id":1233,"alt":"","source":"library"},"background_position":"center center","background_repeat":"no-repeat","background_size":"cover","flex_direction":"column","flex_justify_content":"center","flex_gap_mobile":{"unit":"px","size":15,"sizes":[]}},"elements":[{"id":"3ecd55be","settings":{"title":"This Headline Grabs Visitors\u2019 Attention","header_size":"h1","align":"center","__globals__":{"typography_typography":"globals\/typography?id=b2deeae"},"_animation":"fadeIn"},"elements":[],"isInner":false,"widgetType":"heading","elType":"widget"},{"id":"32b3f1bc","settings":{"title":"A short description of your business","align":"center","header_size":"h5","_element_custom_width":{"unit":"px","size":"540","sizes":[]},"__globals__":{"typography_typography":"globals\/typography?id=c05b693","title_color":"globals\/colors?id=text"},"_element_custom_width_tablet":{"unit":"px","size":"350","sizes":[]},"_padding_mobile":{"unit":"%","top":"0","right":"5","bottom":"0","left":"5","isLinked":false},"_margin_mobile":{"unit":"%","top":"","right":"","bottom":"","left":"","isLinked":true},"_animation":"fadeIn"},"elements":[],"isInner":false,"widgetType":"heading","elType":"widget"},{"id":"2a921c06","settings":{"text":"Contact us","align":"center","button_text_color":"#FFFFFF","border_border":"solid","border_width":{"unit":"px","top":"1","right":"1","bottom":"1","left":"1","isLinked":"1"},"border_color":"#2C6FC0","border_radius":{"unit":"px","top":"100","right":"100","bottom":"100","left":"100","isLinked":"1"},"text_padding":{"unit":"px","top":"16","right":"55","bottom":"16","left":"55","isLinked":""},"__globals__":{"button_text_color":"globals\/colors?id=d6cea4e","border_color":"globals\/colors?id=accent","button_background_hover_color":"globals\/colors?id=86b4fcd","hover_color":"globals\/colors?id=accent"},"_padding":{"unit":"%","top":"","right":"","bottom":"","left":"","isLinked":true},"_padding_tablet":{"unit":"%","top":"","right":"","bottom":"","left":"","isLinked":true},"_padding_mobile":{"unit":"%","top":"","right":"","bottom":"","left":"","isLinked":true},"_animation":"fadeIn","_animation_delay":400,"link":{"url":"","is_external":"","nofollow":"","custom_attributes":""},"__dynamic__":{"link":"[elementor-tag id=\"50927da\" name=\"internal-url\" settings=\"%7B%22type%22%3A%22post%22%2C%22post_id%22%3A%2217%22%7D\"]"}},"elements":[],"isInner":false,"widgetType":"button","elType":"widget"}],"isInner":false,"elType":"container"},{"id":"76b52626","settings":{"layout":"full_width","flex_gap":{"size":15,"unit":"px"},"padding":{"unit":"%","top":"0","right":"8","bottom":"0","left":"8","isLinked":""},"margin":{"unit":"%","top":"12","right":"0","bottom":"0","left":"0","isLinked":false},"padding_tablet":{"unit":"%","top":"","right":"","bottom":"","left":"","isLinked":true},"margin_tablet":{"unit":"%","top":"25","right":"0","bottom":"0","left":"0","isLinked":false},"margin_mobile":{"unit":"%","top":"35","right":"0","bottom":"0","left":"0","isLinked":false},"_title":"Services","flex_direction":"column","flex_align_items":"stretch","padding_mobile":{"unit":"%","top":"0","right":"8","bottom":"0","left":"8","isLinked":false}},"elements":[{"id":"30e5297","settings":{"title":"Our Services","align":"center","__globals__":{"typography_typography":"globals\/typography?id=primary"},"_margin":{"unit":"%","top":"","right":"","bottom":"","left":"","isLinked":true},"_margin_tablet":{"unit":"%","top":"","right":"","bottom":"","left":"","isLinked":true},"_margin_mobile":{"unit":"%","top":"","right":"","bottom":"","left":"","isLinked":true}},"elements":[],"isInner":false,"widgetType":"heading","elType":"widget"},{"id":"ccbb979","settings":{"title":"This text briefly introduces your main services to your visitors.","align":"center","header_size":"h5","__globals__":{"typography_typography":"globals\/typography?id=c05b693","title_color":"globals\/colors?id=text"},"_padding":{"unit":"%","top":"","right":"","bottom":"","left":"","isLinked":true},"_padding_tablet":{"unit":"%","top":"","right":"","bottom":"","left":"","isLinked":true},"_padding_mobile":{"unit":"%","top":"","right":"","bottom":"","left":"","isLinked":true},"_element_custom_width":{"unit":"px","size":"","sizes":[]},"_element_custom_width_tablet":{"unit":"px","size":240,"sizes":[]}},"elements":[],"isInner":false,"widgetType":"heading","elType":"widget"},{"id":"b2d7dbe","settings":{"layout":"full_width","flex_gap":{"size":2,"unit":"%"},"structure":"40","margin":{"unit":"%","top":"4","right":"0","bottom":"0","left":"0","isLinked":""},"margin_mobile":{"unit":"%","top":"20","right":"0","bottom":"0","left":"0","isLinked":""},"flex_direction":"row","content_width":"full","flex_justify_content_tablet":"space-between","flex_wrap_tablet":"wrap","flex_gap_tablet":{"unit":"px","size":50,"sizes":[]},"flex_gap_mobile":{"unit":"px","size":70,"sizes":[]},"margin_tablet":{"unit":"%","top":"8","right":"0","bottom":"0","left":"0","isLinked":false}},"elements":[{"id":"43ed2439","settings":{"image":{"id":1570,"url":"https:\/\/library.elementor.com\/local-services-wireframe-2-flexbox\/wp-content\/uploads\/sites\/267\/2023\/05\/Image_Placeholder-13122021.jpg"},"title_text":"Service 1","description_text":"A short description of the service and how the visitor will benefit from it.","title_size":"h4","image_size":{"unit":"%","size":"100","sizes":[]},"hover_animation":"grow","text_align":"left","title_bottom_space":{"unit":"px","size":"15","sizes":[]},"__globals__":{"title_typography_typography":"globals\/typography?id=392b9e0"},"_margin":{"unit":"%","top":"","right":"","bottom":"","left":"","isLinked":true},"_margin_tablet":{"unit":"%","top":"","right":"","bottom":"","left":"","isLinked":true},"_margin_mobile":{"unit":"%","top":"","right":"","bottom":"","left":"","isLinked":true},"_element_width_tablet":"initial","_element_width_mobile":"inherit","_element_custom_width_tablet":{"unit":"%","size":46,"sizes":[]},"_element_custom_width_mobile":{"unit":"%","size":"","sizes":[]},"text_align_mobile":"center","_element_width":"initial","_element_custom_width":{"unit":"%","size":38,"sizes":[]}},"elements":[],"isInner":false,"widgetType":"image-box","elType":"widget"},{"id":"3afe9b04","settings":{"image":{"id":1570,"url":"https:\/\/library.elementor.com\/local-services-wireframe-2-flexbox\/wp-content\/uploads\/sites\/267\/2023\/05\/Image_Placeholder-13122021.jpg"},"title_text":"Service 2","description_text":"A short description of the service and how the visitor will benefit from it.","title_size":"h4","image_size":{"unit":"%","size":"100","sizes":[]},"hover_animation":"grow","text_align":"left","title_bottom_space":{"unit":"px","size":"15","sizes":[]},"__globals__":{"title_typography_typography":"globals\/typography?id=392b9e0"},"_margin":{"unit":"%","top":"","right":"","bottom":"","left":"","isLinked":true},"_margin_tablet":{"unit":"%","top":"","right":"","bottom":"","left":"","isLinked":true},"_margin_mobile":{"unit":"%","top":"0","right":"0","bottom":"0","left":"0","isLinked":false},"_element_width_tablet":"initial","_element_width_mobile":"inherit","_element_custom_width_tablet":{"unit":"%","size":46,"sizes":[]},"_element_custom_width_mobile":{"unit":"%","size":"","sizes":[]},"text_align_mobile":"center","_element_width":"initial","_element_custom_width":{"unit":"%","size":38,"sizes":[]}},"elements":[],"isInner":false,"widgetType":"image-box","elType":"widget"},{"id":"4013ea92","settings":{"image":{"id":1570,"url":"https:\/\/library.elementor.com\/local-services-wireframe-2-flexbox\/wp-content\/uploads\/sites\/267\/2023\/05\/Image_Placeholder-13122021.jpg"},"title_text":"Service 3","description_text":"A short description of the service and how the visitor will benefit from it.","title_size":"h4","image_size":{"unit":"%","size":"100","sizes":[]},"hover_animation":"grow","text_align":"left","title_bottom_space":{"unit":"px","size":"15","sizes":[]},"__globals__":{"title_typography_typography":"globals\/typography?id=392b9e0"},"_margin":{"unit":"%","top":"","right":"","bottom":"","left":"","isLinked":true},"_margin_tablet":{"unit":"%","top":"","right":"","bottom":"","left":"","isLinked":true},"_margin_mobile":{"unit":"%","top":"","right":"","bottom":"","left":"","isLinked":true},"_element_width_tablet":"initial","_element_width_mobile":"inherit","_element_custom_width_tablet":{"unit":"%","size":46,"sizes":[]},"_element_custom_width_mobile":{"unit":"%","size":"","sizes":[]},"_flex_order_tablet":"custom","text_align_mobile":"center","_element_width":"initial","_element_custom_width":{"unit":"%","size":38,"sizes":[]}},"elements":[],"isInner":false,"widgetType":"image-box","elType":"widget"},{"id":"580d492f","settings":{"image":{"id":1570,"url":"https:\/\/library.elementor.com\/local-services-wireframe-2-flexbox\/wp-content\/uploads\/sites\/267\/2023\/05\/Image_Placeholder-13122021.jpg"},"title_text":"Service 4","description_text":"A short description of the service and how the visitor will benefit from it.","title_size":"h4","image_size":{"unit":"%","size":"100","sizes":[]},"hover_animation":"grow","text_align":"left","title_bottom_space":{"unit":"px","size":"15","sizes":[]},"__globals__":{"title_typography_typography":"globals\/typography?id=392b9e0"},"_margin":{"unit":"%","top":"","right":"","bottom":"","left":"","isLinked":true},"_margin_tablet":{"unit":"%","top":"","right":"","bottom":"","left":"","isLinked":true},"_margin_mobile":{"unit":"%","top":"","right":"","bottom":"","left":"","isLinked":true},"_element_width_tablet":"initial","_element_width_mobile":"inherit","_element_custom_width_tablet":{"unit":"%","size":46,"sizes":[]},"_element_custom_width_mobile":{"unit":"%","size":"","sizes":[]},"text_align_mobile":"center","_element_width":"initial","_element_custom_width":{"unit":"%","size":38,"sizes":[]}},"elements":[],"isInner":false,"widgetType":"image-box","elType":"widget"}],"isInner":false,"elType":"container"},{"id":"33e86e03","settings":{"text":"View all services","align":"center","button_text_color":"#FFFFFF","border_border":"solid","border_width":{"unit":"px","top":"1","right":"1","bottom":"1","left":"1","isLinked":"1"},"border_color":"#2C6FC0","border_radius":{"unit":"px","top":"100","right":"100","bottom":"100","left":"100","isLinked":"1"},"text_padding":{"unit":"px","top":"16","right":"35","bottom":"16","left":"35","isLinked":""},"_margin":{"unit":"%","top":"5","right":"0","bottom":"0","left":"0","isLinked":""},"__globals__":{"button_text_color":"globals\/colors?id=d6cea4e","border_color":"globals\/colors?id=accent","button_background_hover_color":"globals\/colors?id=86b4fcd","hover_color":"globals\/colors?id=accent"},"_margin_tablet":{"unit":"%","top":"10","right":"0","bottom":"0","left":"0","isLinked":""},"_margin_mobile":{"unit":"%","top":"20","right":"0","bottom":"0","left":"0","isLinked":""},"_animation":"fadeInDown","link":{"url":"","is_external":"","nofollow":"","custom_attributes":""},"_element_width":"inherit","__dynamic__":{"link":"[elementor-tag id=\"97d247f\" name=\"internal-url\" settings=\"%7B%22type%22%3A%22post%22%2C%22post_id%22%3A%2213%22%7D\"]"}},"elements":[],"isInner":false,"widgetType":"button","elType":"widget"}],"isInner":false,"elType":"container"},{"id":"2b03c396","settings":{"flex_gap":{"size":65,"unit":"px"},"padding":{"unit":"%","top":"0","right":"8","bottom":"0","left":"8","isLinked":""},"margin":{"unit":"%","top":"12","right":"0","bottom":"0","left":"0","isLinked":""},"padding_tablet":{"unit":"%","top":"0","right":"5","bottom":"0","left":"5","isLinked":""},"margin_tablet":{"unit":"%","top":"25","right":"0","bottom":"0","left":"0","isLinked":""},"margin_mobile":{"unit":"%","top":"35","right":"0","bottom":"0","left":"0","isLinked":""},"_element_id":"next","_title":"Why Choose Us","padding_mobile":{"unit":"%","top":"0","right":"8","bottom":"0","left":"8","isLinked":false},"flex_direction":"column","flex_align_items":"stretch","flex_gap_mobile":{"unit":"%","size":"","sizes":[]}},"elements":[{"id":"32bd412c","settings":{"title":"Why Choose Us","align":"center","__globals__":{"typography_typography":"globals\/typography?id=primary"}},"elements":[],"isInner":false,"widgetType":"heading","elType":"widget"},{"id":"2230900","settings":{"content_width":"full","flex_gap":{"size":3,"unit":"%"},"structure":"40","margin":{"unit":"%","top":"","right":"","bottom":"","left":"","isLinked":true},"margin_mobile":{"unit":"%","top":"","right":"","bottom":"","left":"","isLinked":true},"content_position":"middle","margin_tablet":{"unit":"%","top":"","right":"","bottom":"","left":"","isLinked":true},"flex_direction":"row","flex_align_items":"stretch","min_height":{"unit":"px","size":215,"sizes":[]},"flex_justify_content_tablet":"center","flex_gap_tablet":{"unit":"px","size":25,"sizes":[]},"flex_gap_mobile":{"unit":"%","size":"","sizes":[]},"flex_wrap_tablet":"wrap"},"elements":[{"id":"3422c57e","settings":{"_column_size":"25","margin":{"unit":"%","top":"","right":"","bottom":"","left":"","isLinked":true},"width_tablet":{"size":48,"unit":"%"},"margin_tablet":{"unit":"%","top":"","right":"","bottom":"","left":"","isLinked":true},"background_background":"classic","__globals__":{"background_color":"globals\/colors?id=secondary"},"padding":{"unit":"%","top":"3","right":"4","bottom":"3","left":"4","isLinked":false},"padding_tablet":{"unit":"%","top":"10","right":"10","bottom":"10","left":"10","isLinked":true},"padding_mobile":{"unit":"%","top":"15","right":"15","bottom":"15","left":"15","isLinked":true},"content_width":"full","width_mobile":{"unit":"%","size":"","sizes":[]},"flex_direction":"column","flex_justify_content":"center"},"elements":[{"id":"161e2824","settings":{"title":"Benefit 1","header_size":"h4","align":"center","__globals__":{"typography_typography":"globals\/typography?id=392b9e0"}},"elements":[],"isInner":false,"widgetType":"heading","elType":"widget"},{"id":"470c3885","settings":{"width":{"unit":"px","size":29,"sizes":[]},"width_tablet":{"unit":"px","size":"","sizes":[]},"width_mobile":{"unit":"px","size":"","sizes":[]},"align":"center","text":"Divider","weight":{"unit":"px","size":3,"sizes":[]},"gap":{"unit":"px","size":10,"sizes":[]},"__globals__":{"color":"globals\/colors?id=14ef391"}},"elements":[],"isInner":false,"widgetType":"divider","elType":"widget"},{"id":"2412c2d4","settings":{"editor":"A short description of the benefit.","align":"center"},"elements":[],"isInner":false,"widgetType":"text-editor","elType":"widget"}],"isInner":false,"elType":"container"},{"id":"3c11ef1e","settings":{"_column_size":"25","margin":{"unit":"%","top":"","right":"","bottom":"","left":"","isLinked":true},"width_tablet":{"size":48,"unit":"%"},"margin_tablet":{"unit":"%","top":"","right":"","bottom":"","left":"","isLinked":true},"margin_mobile":{"unit":"%","top":"","right":"","bottom":"","left":"","isLinked":true},"background_background":"classic","padding":{"unit":"%","top":"3","right":"4","bottom":"3","left":"4","isLinked":false},"padding_tablet":{"unit":"%","top":"10","right":"10","bottom":"10","left":"10","isLinked":true},"padding_mobile":{"unit":"%","top":"15","right":"15","bottom":"15","left":"15","isLinked":true},"__globals__":{"background_color":"globals\/colors?id=secondary"},"content_width":"full","width_mobile":{"unit":"%","size":"","sizes":[]},"flex_direction":"column","flex_justify_content":"center"},"elements":[{"id":"4b81fa04","settings":{"title":"Benefit 2","header_size":"h4","align":"center","__globals__":{"typography_typography":"globals\/typography?id=392b9e0"}},"elements":[],"isInner":false,"widgetType":"heading","elType":"widget"},{"id":"78cbc431","settings":{"width":{"unit":"px","size":29,"sizes":[]},"width_tablet":{"unit":"px","size":"","sizes":[]},"width_mobile":{"unit":"px","size":"","sizes":[]},"align":"center","text":"Divider","weight":{"unit":"px","size":3,"sizes":[]},"gap":{"unit":"px","size":10,"sizes":[]},"__globals__":{"color":"globals\/colors?id=14ef391"}},"elements":[],"isInner":false,"widgetType":"divider","elType":"widget"},{"id":"232fd491","settings":{"editor":"A short description of the benefit.","align":"center"},"elements":[],"isInner":false,"widgetType":"text-editor","elType":"widget"}],"isInner":false,"elType":"container"},{"id":"896f1cc","settings":{"_column_size":"25","margin":{"unit":"%","top":"","right":"","bottom":"","left":"","isLinked":true},"width_tablet":{"size":48,"unit":"%"},"margin_tablet":{"unit":"%","top":"","right":"","bottom":"","left":"","isLinked":true},"margin_mobile":{"unit":"%","top":"","right":"","bottom":"","left":"","isLinked":true},"background_background":"classic","padding":{"unit":"%","top":"3","right":"4","bottom":"3","left":"4","isLinked":false},"padding_tablet":{"unit":"%","top":"10","right":"10","bottom":"10","left":"10","isLinked":true},"padding_mobile":{"unit":"%","top":"15","right":"15","bottom":"15","left":"15","isLinked":true},"__globals__":{"background_color":"globals\/colors?id=secondary"},"content_width":"full","width_mobile":{"unit":"%","size":"","sizes":[]},"flex_direction":"column","flex_justify_content":"center"},"elements":[{"id":"74b1013b","settings":{"title":"Benefit 3","header_size":"h4","align":"center","__globals__":{"typography_typography":"globals\/typography?id=392b9e0"}},"elements":[],"isInner":false,"widgetType":"heading","elType":"widget"},{"id":"270665e5","settings":{"width":{"unit":"px","size":29,"sizes":[]},"width_tablet":{"unit":"px","size":"","sizes":[]},"width_mobile":{"unit":"px","size":"","sizes":[]},"align":"center","text":"Divider","weight":{"unit":"px","size":3,"sizes":[]},"gap":{"unit":"px","size":10,"sizes":[]},"__globals__":{"color":"globals\/colors?id=14ef391"}},"elements":[],"isInner":false,"widgetType":"divider","elType":"widget"},{"id":"75779c0f","settings":{"editor":"A short description of the benefit.","align":"center"},"elements":[],"isInner":false,"widgetType":"text-editor","elType":"widget"}],"isInner":false,"elType":"container"},{"id":"28ff6772","settings":{"_column_size":"25","margin":{"unit":"%","top":"","right":"","bottom":"","left":"","isLinked":true},"width_tablet":{"size":48,"unit":"%"},"margin_tablet":{"unit":"%","top":"","right":"","bottom":"","left":"","isLinked":true},"margin_mobile":{"unit":"%","top":"","right":"","bottom":"","left":"","isLinked":true},"background_background":"classic","padding":{"unit":"%","top":"3","right":"4","bottom":"3","left":"4","isLinked":false},"__globals__":{"background_color":"globals\/colors?id=secondary"},"padding_tablet":{"unit":"%","top":"10","right":"10","bottom":"10","left":"10","isLinked":true},"padding_mobile":{"unit":"%","top":"15","right":"15","bottom":"15","left":"15","isLinked":true},"content_width":"full","width_mobile":{"unit":"%","size":"","sizes":[]},"flex_direction":"column","flex_justify_content":"center"},"elements":[{"id":"1321d88d","settings":{"title":"Benefit 4","header_size":"h4","align":"center","__globals__":{"typography_typography":"globals\/typography?id=392b9e0"}},"elements":[],"isInner":false,"widgetType":"heading","elType":"widget"},{"id":"29ec59de","settings":{"width":{"unit":"px","size":29,"sizes":[]},"width_tablet":{"unit":"px","size":"","sizes":[]},"width_mobile":{"unit":"px","size":"","sizes":[]},"align":"center","text":"Divider","weight":{"unit":"px","size":3,"sizes":[]},"gap":{"unit":"px","size":10,"sizes":[]},"__globals__":{"color":"globals\/colors?id=14ef391"}},"elements":[],"isInner":false,"widgetType":"divider","elType":"widget"},{"id":"59b43337","settings":{"editor":"A short description of the benefit.","align":"center"},"elements":[],"isInner":false,"widgetType":"text-editor","elType":"widget"}],"isInner":false,"elType":"container"}],"isInner":false,"elType":"container"}],"isInner":false,"elType":"container"},{"id":"4c3cac6b","settings":{"flex_gap":{"size":0,"unit":"px"},"content_position":"middle","structure":"20","margin":{"unit":"%","top":"12","right":"0","bottom":"0","left":"0","isLinked":""},"padding":{"unit":"%","top":"0","right":"8","bottom":"0","left":"8","isLinked":false},"padding_tablet":{"unit":"%","top":"0","right":"5","bottom":"0","left":"5","isLinked":""},"reverse_order_mobile":"reverse-mobile","margin_tablet":{"unit":"%","top":"25","right":"0","bottom":"0","left":"0","isLinked":""},"margin_mobile":{"unit":"%","top":"35","right":"0","bottom":"0","left":"0","isLinked":""},"_title":"About Our Company","min_height":{"unit":"px","size":690,"sizes":[]},"flex_align_items":"stretch","min_height_tablet":{"unit":"px","size":0,"sizes":[]},"padding_mobile":{"unit":"%","top":"0","right":"8","bottom":"0","left":"8","isLinked":false},"reverse_order_tablet":"reverse-tablet","flex_direction":"row","flex_direction_tablet":"column-reverse","flex_gap_tablet":{"unit":"px","size":70,"sizes":[]},"flex_gap_mobile":{"unit":"px","size":30,"sizes":[]}},"elements":[{"id":"34530233","settings":{"_column_size":"50","width_tablet":{"size":100,"unit":"%"},"width":{"size":53,"unit":"%"},"background_background":"classic","background_image":{"url":"https:\/\/library.elementor.com\/local-services-wireframe-2\/wp-content\/uploads\/sites\/190\/2022\/01\/Image_Placeholder_bkr_1.jpg","id":865,"alt":"","source":"library"},"background_position":"center center","background_repeat":"no-repeat","background_size":"cover","content_width":"full","min_height_tablet":{"unit":"px","size":310,"sizes":[]}},"elements":[],"isInner":false,"elType":"container"},{"id":"38737bf9","settings":{"_column_size":"50","padding":{"unit":"%","top":"0","right":"5","bottom":"0","left":"5","isLinked":""},"width_tablet":{"size":100,"unit":"%"},"margin_tablet":{"unit":"%","top":"","right":"","bottom":"","left":"","isLinked":true},"padding_mobile":{"unit":"px","top":"0","right":"0","bottom":"0","left":"0","isLinked":""},"width":{"size":47,"unit":"%"},"margin_mobile":{"unit":"%","top":"0","right":"0","bottom":"10","left":"0","isLinked":false},"padding_tablet":{"unit":"%","top":"0","right":"12","bottom":"0","left":"12","isLinked":false},"content_width":"full","flex_direction":"column","flex_justify_content":"center","flex_gap":{"unit":"px","size":32,"sizes":[]}},"elements":[{"id":"4fa4a666","settings":{"title":"About Our Company","align_mobile":"center","align_tablet":"center"},"elements":[],"isInner":false,"widgetType":"heading","elType":"widget"},{"id":"3e691c69","settings":{"editor":"Use this section to describe your company and the services you offer. You could share your company\u2019s story and details about why you are in business. The goal is to create a connection with the visitor and give them confidence to work with you.","_element_custom_width":{"unit":"px","size":"510","sizes":[]},"align_mobile":"center","align_tablet":"center","_margin_mobile":{"unit":"%","top":"","right":"","bottom":"","left":"","isLinked":true}},"elements":[],"isInner":false,"widgetType":"text-editor","elType":"widget"},{"id":"177f164e","settings":{"text":"Our Story","button_text_color":"#FFFFFF","border_radius":{"unit":"px","top":"","right":"","bottom":"","left":"","isLinked":"1"},"text_padding":{"unit":"px","top":"0","right":"0","bottom":"0","left":"0","isLinked":true},"_margin":{"unit":"%","top":"","right":"","bottom":"","left":"","isLinked":true},"__globals__":{"button_text_color":"globals\/colors?id=primary","border_color":"","button_background_hover_color":"globals\/colors?id=86b4fcd","hover_color":"globals\/colors?id=accent","background_color":"globals\/colors?id=86b4fcd","typography_typography":"globals\/typography?id=92bce3b"},"_animation":"fadeIn","link":{"url":"","is_external":"","nofollow":"","custom_attributes":""},"hover_color":"#467FF7","button_background_hover_color":"#02010100","align_mobile":"center","align_tablet":"center","__dynamic__":{"link":"[elementor-tag id=\"753ea55\" name=\"internal-url\" settings=\"%7B%22type%22%3A%22post%22%2C%22post_id%22%3A%2211%22%7D\"]"}},"elements":[],"isInner":false,"widgetType":"button","elType":"widget"}],"isInner":false,"elType":"container"}],"isInner":false,"elType":"container"},{"id":"7ec971ec","settings":{"layout":"full_width","flex_gap":{"size":50,"unit":"px"},"padding":{"unit":"%","top":"0","right":"8","bottom":"0","left":"8","isLinked":""},"margin":{"unit":"%","top":"12","right":"0","bottom":"0","left":"0","isLinked":""},"padding_tablet":{"unit":"%","top":"0","right":"5","bottom":"0","left":"5","isLinked":""},"margin_tablet":{"unit":"%","top":"25","right":"0","bottom":"0","left":"0","isLinked":""},"margin_mobile":{"unit":"%","top":"35","right":"0","bottom":"0","left":"0","isLinked":""},"_title":"Testimonials","flex_direction":"column","flex_align_items":"stretch","flex_gap_tablet":{"unit":"%","size":"","sizes":[]},"flex_gap_mobile":{"unit":"%","size":"","sizes":[]},"padding_mobile":{"unit":"%","top":"0","right":"8","bottom":"0","left":"8","isLinked":false}},"elements":[{"id":"6abcc723","settings":{"title":"Client Testimonials","align":"center","__globals__":{"typography_typography":"globals\/typography?id=primary"}},"elements":[],"isInner":false,"widgetType":"heading","elType":"widget"},{"id":"3e87c6c2","settings":{"_column_size":"100","align":"center","content_width":"full","width_tablet":{"unit":"%","size":"","sizes":[]},"width_mobile":{"unit":"%","size":"","sizes":[]},"flex_direction":"row","flex_direction_tablet":"column","flex_justify_content":"space-between","flex_gap":{"unit":"px","size":135,"sizes":[]},"flex_gap_tablet":{"unit":"px","size":60,"sizes":[]},"padding_tablet":{"unit":"%","top":"0","right":"15","bottom":"0","left":"15","isLinked":false},"padding_mobile":{"unit":"%","top":"0","right":"0","bottom":"0","left":"0","isLinked":false}},"elements":[{"id":"240c4796","settings":{"testimonial_content":"\u201cA testimonial from a client who benefited from your product or service. Testimonials can be a highly effective way of establishing credibility and increasing your company's reputation.\u201d","testimonial_name":"Client Name","testimonial_job":"","testimonial_alignment":"left","image_size":{"unit":"px","size":"63","sizes":[]},"__globals__":{"name_typography_typography":"globals\/typography?id=397e168","image_border_color":"globals\/colors?id=14ef391"},"testimonial_image":{"id":1609,"url":"https:\/\/library.elementor.com\/local-services-wireframe-2-flexbox\/wp-content\/uploads\/sites\/267\/2023\/06\/63x63.jpg"},"image_border_radius":{"unit":"px","top":"50","right":"50","bottom":"50","left":"50","isLinked":"1"},"image_border_width":{"unit":"px","top":"1","right":"1","bottom":"1","left":"1","isLinked":true},"_element_width":"initial","_element_width_tablet":"inherit","_element_custom_width":{"unit":"%","size":33,"sizes":[]}},"elements":[],"isInner":false,"widgetType":"testimonial","elType":"widget"},{"id":"63e03c6","settings":{"testimonial_content":"\u201cA testimonial from a client who benefited from your product or service. Testimonials can be a highly effective way of establishing credibility and increasing your company's reputation.\u201d","testimonial_name":"Client Name","testimonial_job":"","testimonial_alignment":"left","image_size":{"unit":"px","size":"63","sizes":[]},"__globals__":{"name_typography_typography":"globals\/typography?id=397e168","image_border_color":"globals\/colors?id=14ef391"},"testimonial_image":{"id":1609,"url":"https:\/\/library.elementor.com\/local-services-wireframe-2-flexbox\/wp-content\/uploads\/sites\/267\/2023\/06\/63x63.jpg"},"image_border_radius":{"unit":"px","top":"50","right":"50","bottom":"50","left":"50","isLinked":"1"},"image_border_width":{"unit":"px","top":"1","right":"1","bottom":"1","left":"1","isLinked":true},"_element_width":"initial","_element_width_tablet":"inherit","_element_custom_width":{"unit":"%","size":33,"sizes":[]}},"elements":[],"isInner":false,"widgetType":"testimonial","elType":"widget"},{"id":"7ff56a9e","settings":{"testimonial_content":"\u201cA testimonial from a client who benefited from your product or service. Testimonials can be a highly effective way of establishing credibility and increasing your company's reputation.\u201d","testimonial_name":"Client Name","testimonial_job":"","testimonial_alignment":"left","image_size":{"unit":"px","size":"63","sizes":[]},"__globals__":{"name_typography_typography":"globals\/typography?id=397e168","image_border_color":"globals\/colors?id=14ef391"},"testimonial_image":{"id":1609,"url":"https:\/\/library.elementor.com\/local-services-wireframe-2-flexbox\/wp-content\/uploads\/sites\/267\/2023\/06\/63x63.jpg"},"image_border_radius":{"unit":"px","top":"50","right":"50","bottom":"50","left":"50","isLinked":"1"},"image_border_width":{"unit":"px","top":"1","right":"1","bottom":"1","left":"1","isLinked":true},"_element_width":"initial","_element_width_tablet":"inherit","_element_custom_width":{"unit":"%","size":33,"sizes":[]}},"elements":[],"isInner":false,"widgetType":"testimonial","elType":"widget"}],"isInner":false,"elType":"container"}],"isInner":false,"elType":"container"},{"id":"77ccfb7a","settings":{"layout":"full_width","flex_gap":{"size":0,"unit":"px"},"margin":{"unit":"%","top":"12","right":"0","bottom":"0","left":"0","isLinked":""},"margin_tablet":{"unit":"%","top":"25","right":"0","bottom":"0","left":"0","isLinked":""},"margin_mobile":{"unit":"%","top":"35","right":"0","bottom":"0","left":"0","isLinked":""},"_title":"CTA","flex_direction":"column","flex_align_items":"stretch","min_height":{"unit":"px","size":620,"sizes":[]},"min_height_tablet":{"unit":"vh","size":65,"sizes":[]},"min_height_mobile":{"unit":"px","size":380,"sizes":[]},"flex_justify_content":"center","background_background":"classic","background_image":{"id":1622,"url":"https:\/\/library.elementor.com\/local-services-wireframe-2-flexbox\/wp-content\/uploads\/sites\/267\/2023\/06\/Image_Placeholder-13122021.jpg"},"background_position":"center right","background_position_mobile":"top center","background_repeat":"no-repeat","background_size":"contain","padding":{"unit":"%","top":"0","right":"50","bottom":"0","left":"8","isLinked":false},"padding_tablet":{"unit":"%","top":"0","right":"20","bottom":"0","left":"20","isLinked":false},"padding_mobile":{"unit":"%","top":"0","right":"8","bottom":"0","left":"8","isLinked":false},"__globals__":{"background_color":"globals\/colors?id=secondary"},"content_width":"full"},"elements":[{"id":"764d0839","settings":{"layout":"right","bg_image":{"url":"","id":""},"bg_image_size":"full","title":"A Title to Turn the Visitor Into a Lead","description":"This is your chance to emphasize why the visitor should contact you right now.","button":"Contact us","alignment":"left","vertical_position":"middle","padding":{"unit":"%","top":"0","right":"0","bottom":"0","left":"0","isLinked":false},"image_min_width":{"unit":"%","size":"","sizes":[]},"description_spacing":{"unit":"px","size":"30","sizes":[]},"button_size":"md","button_border_width":{"unit":"px","size":"1","sizes":[]},"button_border_radius":{"unit":"px","size":"50","sizes":[]},"__globals__":{"title_typography_typography":"globals\/typography?id=primary","description_typography_typography":"globals\/typography?id=c05b693","content_bg_color":"globals\/colors?id=86b4fcd","title_color":"globals\/colors?id=primary","description_color":"globals\/colors?id=text","button_border_color":"globals\/colors?id=accent","button_background_color":"globals\/colors?id=accent","button_text_color":"globals\/colors?id=d6cea4e","button_hover_background_color":"globals\/colors?id=86b4fcd","button_hover_text_color":"globals\/colors?id=accent","overlay_color_hover":"globals\/colors?id=86b4fcd"},"layout_mobile":"above","min-height_tablet":{"unit":"vh","size":"","sizes":[]},"padding_tablet":{"unit":"%","top":"","right":"","bottom":"","left":"","isLinked":true},"image_min_width_tablet":{"unit":"%","size":"","sizes":[]},"image_min_width_mobile":{"unit":"%","size":"","sizes":[]},"padding_mobile":{"unit":"%","top":"","right":"","bottom":"","left":"","isLinked":true},"image_min_height_tablet":{"unit":"vh","size":"","sizes":[]},"link":{"url":"https:\/\/library.elementor.com\/local-services-wireframe-1\/contact\/","is_external":"","nofollow":"","custom_attributes":""},"graphic_image":{"id":1621,"url":"https:\/\/library.elementor.com\/local-services-wireframe-2-flexbox\/wp-content\/uploads\/sites\/267\/2023\/06\/placeholder.png"},"__dynamic__":{"link":"[elementor-tag id=\"b644fa8\" name=\"internal-url\" settings=\"%7B%22type%22%3A%22post%22%2C%22post_id%22%3A%2217%22%7D\"]"},"title_typography_typography":"custom","title_typography_font_family":"Poppins","title_typography_font_size":{"unit":"px","size":65,"sizes":[]},"title_typography_font_size_tablet":{"unit":"px","size":45,"sizes":[]},"title_typography_font_size_mobile":{"unit":"px","size":28,"sizes":[]},"title_typography_font_weight":"600","title_typography_text_transform":"none","title_typography_font_style":"normal","title_typography_text_decoration":"none","title_typography_line_height":{"unit":"em","size":1.2,"sizes":[]},"title_typography_line_height_mobile":{"unit":"em","size":1.1,"sizes":[]},"title_typography_letter_spacing":{"unit":"px","size":0,"sizes":[]},"description_typography_typography":"custom","description_typography_font_family":"Poppins","description_typography_font_size":{"unit":"px","size":22,"sizes":[]},"description_typography_font_size_tablet":{"unit":"px","size":14,"sizes":[]},"description_typography_font_weight":"300","description_typography_text_transform":"none","description_typography_font_style":"normal","description_typography_text_decoration":"none","description_typography_line_height":{"unit":"em","size":1.5,"sizes":[]},"description_typography_letter_spacing":{"unit":"px","size":0,"sizes":[]},"title_color":"#1C244B","description_color":"#324A6D","button_text_color":"#FFFFFF","button_background_color":"#467FF7","button_border_color":"#467FF7","button_hover_text_color":"#467FF7","button_hover_background_color":"#02010100","overlay_color_hover":"#02010100","_element_width":"initial","_element_width_tablet":"inherit","_element_custom_width":{"unit":"px","size":610,"sizes":[]},"alignment_tablet":"center"},"elements":[],"isInner":false,"widgetType":"call-to-action","elType":"widget"}],"isInner":false,"elType":"container"}],"settings":{"template":"elementor_header_footer"},"metadata":[]}