{"categories":{"site-builder":{"name":"Site Builder","subcategories":[]},"installation-and-updates":{"name":"Installation and Updates","subcategories":[]},"astra-theme-walkthrough-docs":{"name":"Astra Theme Walkthrough","subcategories":[]},"astra-customizer-settings":{"name":"Customizer Settings","subcategories":{"header-and-footer":{"name":"Header &amp; Footer","subcategories":{"header-footer-before-3-0":{"name":"Old Header &amp; Footer (Before Astra v3.0)","subcategories":[]},"header-footer-after-3-0":{"name":"Header &amp; Footer Builder (Astra v3.0+)","subcategories":[]}}},"global":{"name":"Global","subcategories":[]},"breadcrumb":{"name":"Breadcrumb","subcategories":[]},"blog":{"name":"Blog","subcategories":[]},"sidebar":{"name":"Sidebar","subcategories":[]},"learndash":{"name":"LearnDash","subcategories":[]},"easy-digital-downloads":{"name":"Easy Digital Downloads","subcategories":[]},"lifterlms":{"name":"LifterLMS","subcategories":[]},"woocommerce-free":{"name":"WooCommerce","subcategories":[]},"meta-settings":{"name":"Meta Settings","subcategories":[]}}},"astra-pro-modules":{"name":"Astra Pro Modules","subcategories":{"white-label":{"name":"White Label","subcategories":[]},"mobile-header":{"name":"Mobile Header","subcategories":[]},"nav-menu":{"name":"Nav Menu","subcategories":[]},"typography-pro":{"name":"Typography","subcategories":[]},"colors-background-pro":{"name":"Colors &amp; Background","subcategories":[]},"custom-layouts-module":{"name":"Site Builder","subcategories":[]},"site-layout":{"name":"Site Layout","subcategories":[]},"header-sections":{"name":"Header Sections","subcategories":[]},"sticky-header":{"name":"Sticky Header","subcategories":[]},"page-headers":{"name":"Page Headers","subcategories":[]},"blog-pro":{"name":"Blog Pro","subcategories":[]},"footer-widgets-module":{"name":"Footer Widgets Module","subcategories":[]},"spacing":{"name":"Spacing","subcategories":[]},"woo":{"name":"WooCommerce","subcategories":[]},"learndash-astra-pro-modules":{"name":"LearnDash","subcategories":[]},"lifterlms-astra-pro":{"name":"LifterLMS","subcategories":[]},"easy-digital-downloads-module":{"name":"Easy Digital Downloads Module","subcategories":[]},"native-amp-support":{"name":"Native AMP Support","subcategories":[]}}},"starter-templates":{"name":"Starter Templates","subcategories":[]},"translate-astra":{"name":"Translate Astra","subcategories":[]},"general":{"name":"General","subcategories":[]},"account-and-store":{"name":"Account and Store","subcategories":[]},"custom-code-snippets":{"name":"Custom Code Snippets","subcategories":{"astra-theme-pro-filters":{"name":"Astra Theme &amp; Pro Filters","subcategories":[]},"astra-header-footer-filters":{"name":"Astra Header &amp; Footer Filters","subcategories":[]},"blog-filters":{"name":"Blog Filters","subcategories":[]},"woocommerce-filters":{"name":"WooCommerce Filters","subcategories":[]},"custom-css":{"name":"Custom CSS","subcategories":[]}}},"troubleshooting":{"name":"Troubleshooting","subcategories":[]}},"docs":[{"title":"Adaptive Design Library: All About AI Credits","url":"https:\/\/wpastra.com\/docs\/ai-credits\/","category":["starter-templates"]},{"title":"Managing User Roles and Permissions for the Gutenberg Template Library","url":"https:\/\/wpastra.com\/docs\/gutenberg-template-library-user-roles-permissions\/","category":["custom-code-snippets"]},{"title":"WooCommerce Store with Custom Random Products Sorting Filter","url":"https:\/\/wpastra.com\/docs\/random-products-sorting-filter\/","category":["woocommerce-filters"]},{"title":"Required for Import: Enable Elementor&#8217;s Flexbox Container","url":"https:\/\/wpastra.com\/docs\/enable-flexbox-container-from-elementor\/","category":["starter-templates"]},{"title":"Customizing Social Profile Links for Individual Authors in Single Posts","url":"https:\/\/wpastra.com\/docs\/customize-social-profile-links-for-authors\/","category":["blog-filters"]},{"title":"Disable Automatic Updates in WordPress","url":"https:\/\/wpastra.com\/docs\/disable-automatic-updates-in-wordpress\/","category":["installation-and-updates"]},{"title":"Starter Templates and ZipWP Integration","url":"https:\/\/wpastra.com\/docs\/starter-templates-zipwp-integration\/","category":["starter-templates"]},{"title":"Enhanced Blog Archive: Explore What\u2019s New in Astra v4.6.0","url":"https:\/\/wpastra.com\/docs\/blog-archive-improvements\/","category":["blog"]},{"title":"Enhanced Blog Experience: Explore What&#8217;s New in Astra v4.6.0","url":"https:\/\/wpastra.com\/docs\/single-post-improvements\/","category":["blog"]},{"title":"Add Last Updated or Published Date to Blog Posts","url":"https:\/\/wpastra.com\/docs\/last-updated-or-published-date\/","category":["blog"]},{"title":"How to Hide Price &amp; Add to Cart for Logged Out Users in Astra Theme","url":"https:\/\/wpastra.com\/docs\/hide-price-and-add-to-cart\/","category":["woocommerce-filters"]},{"title":"How to Change WordPress Post labels to Projects","url":"https:\/\/wpastra.com\/docs\/change-post-labels-to-projects\/","category":["custom-code-snippets"]},{"title":"How to Limit WooCommerce Product Titles","url":"https:\/\/wpastra.com\/docs\/limit-woocommerce-product-titles\/","category":["woocommerce-filters"]},{"title":"Build with AI","url":"https:\/\/wpastra.com\/docs\/build-with-ai\/","category":["starter-templates"]},{"title":"Change &#8220;Leave A Comment&#8221; title tag","url":"https:\/\/wpastra.com\/docs\/customize-comment-title-tag\/","category":["blog-filters"]},{"title":"Create a Transparent Custom Header","url":"https:\/\/wpastra.com\/docs\/transparent-custom-header\/","category":["site-builder"]},{"title":"How to Show Separate Menus on Different Pages","url":"https:\/\/wpastra.com\/docs\/custom-menus\/","category":["page-headers"]},{"title":"Whitelisting Astra Licensing Server From Your Hosting Firewall","url":"https:\/\/wpastra.com\/docs\/whitelist-astra-license\/","category":["troubleshooting"]},{"title":"How to Add Additional Content on the My Account Login Page","url":"https:\/\/wpastra.com\/docs\/my-account-page-customization\/","category":["woocommerce-free"]},{"title":"Site Builder","url":"https:\/\/wpastra.com\/docs\/site-builder\/","category":["site-builder"]},{"title":"How to change &#8220;Leave a Comment&#8221; string in WordPress","url":"https:\/\/wpastra.com\/docs\/change-comment-string\/","category":["meta-settings"]},{"title":"How to move the &#8220;Previous and Next&#8221; link to the top of the &#8220;Single Blog Post&#8221;","url":"https:\/\/wpastra.com\/docs\/blog-nav-shift\/","category":[]},{"title":"How to Set the &#8220;Review&#8221; Tab as the Default Active Tab in WooCommerce","url":"https:\/\/wpastra.com\/docs\/default-review-tab\/","category":["woocommerce-free"]},{"title":"How to Remove Astra Post Excerpt from the Post Archive","url":"https:\/\/wpastra.com\/docs\/remove-astra-post-excerpt-from-the-post-archive\/","category":["blog"]},{"title":"How to Change the &#8220;HOME&#8221; String in Breadcrumbs","url":"https:\/\/wpastra.com\/docs\/change-the-home-string-in-breadcrumbs\/","category":["breadcrumb"]},{"title":"How Astra Pro Supports WooCommerce&#8217;s HPOS Upgrade","url":"https:\/\/wpastra.com\/docs\/how-astra-pro-supports-woocommerces-hpos-upgrade\/","category":["woo"]},{"title":"How to Use WhatsApp Social Icon Effectively","url":"https:\/\/wpastra.com\/docs\/add-whatsapp-social-icon\/","category":["header-footer-after-3-0"]},{"title":"Live Search","url":"https:\/\/wpastra.com\/docs\/live-search\/","category":["header-footer-after-3-0"]},{"title":"Add Post Filter on Blog Archive Page","url":"https:\/\/wpastra.com\/docs\/post-filter\/","category":["blog-pro"]},{"title":"Secondary Buttons","url":"https:\/\/wpastra.com\/docs\/secondary-buttons\/","category":["global"]},{"title":"Page Level Background Settings","url":"https:\/\/wpastra.com\/docs\/page-level-background-settings\/","category":["colors-background-pro"]},{"title":"How To Disable Right Click in WordPress","url":"https:\/\/wpastra.com\/docs\/disable-right-click-in-wordpress\/","category":["installation-and-updates"]},{"title":"Custom Template in Astra","url":"https:\/\/wpastra.com\/docs\/custom-template\/","category":["site-builder"]},{"title":"How to Customize Button in Gutenberg Editor","url":"https:\/\/wpastra.com\/docs\/how-to-customize-button-in-gutenberg-editor\/","category":[]},{"title":"How to Create a Button with a Link","url":"https:\/\/wpastra.com\/docs\/create-button-with-link\/","category":["general"]},{"title":"How to Use the Astra Button Presets","url":"https:\/\/wpastra.com\/docs\/astra-button-presets\/","category":["global"]},{"title":"Curl Support Missing Error &#8211; for the Administrators","url":"https:\/\/wpastra.com\/docs\/curl-support-missing-for-the-administrators\/","category":["starter-templates"]},{"title":"Astra Theme Container Layouts: Revamped Options and Improved User Experience","url":"https:\/\/wpastra.com\/docs\/astra-theme-container-layouts-revamped-options-and-improved-user-experience\/","category":["global"]},{"title":"Understanding Container Style in Astra Theme: Customizing Your Container\u2019s Look","url":"https:\/\/wpastra.com\/docs\/understanding-container-style-in-astra-theme-customizing-your-containers-look\/","category":["global"]},{"title":"Astra 4.2.0-beta.1 : Migrations &amp; Backwards Compatibility","url":"https:\/\/wpastra.com\/docs\/astra-4-2-0-beta-1-migrations-backwards-compatibility\/","category":["installation-and-updates"]},{"title":"Understanding Sidebar Style in Astra Theme: Customizing Your Sidebar&#8217;s Look","url":"https:\/\/wpastra.com\/docs\/understanding-sidebar-style-in-astra-theme-customizing-your-sidebars-look\/","category":["global"]},{"title":"Astra WooCommerce CSS overriding Global H2 tag font size on product page","url":"https:\/\/wpastra.com\/docs\/astra-woocommerce-css-overriding-global-h2-tag-font-size-on-product-page\/","category":["woocommerce-filters"]},{"title":"How to Fix the Line Height Unit being converted to \u201cEM\u201d?","url":"https:\/\/wpastra.com\/docs\/how-to-fix-the-line-height-unit-being-converted-to-em\/","category":["custom-code-snippets"]},{"title":"How to Create Custom CSS using Inspect Element Tool?","url":"https:\/\/wpastra.com\/docs\/how-to-create-custom-css-using-inspect-element-tool\/","category":[]},{"title":"XMLReader Support Missing &#8211; Starter Templates (For the Administrators)","url":"https:\/\/wpastra.com\/docs\/xmlreader-support-missing-starter-templates-for-the-administrators\/","category":[]},{"title":"How to Disable or Change the Position of the Featured Image on the Pages?","url":"https:\/\/wpastra.com\/docs\/how-to-disable-or-change-the-position-of-the-featured-image-on-the-pages\/","category":[]},{"title":"How to Add Images or Icons in the Navigation Menu","url":"https:\/\/wpastra.com\/docs\/how-to-add-images-or-icons-in-the-navigation-menu\/","category":["general"]},{"title":"Introducing New Filter to Enable\/Disable Rank-Math Theme Support","url":"https:\/\/wpastra.com\/docs\/introducing-new-filter-to-enable-disable-rank-math-theme-support\/","category":["custom-code-snippets"]},{"title":"Basic Debugging Steps of WordPress","url":"https:\/\/wpastra.com\/docs\/basic-debugging-steps-of-wordpress\/","category":["troubleshooting"]},{"title":"Introducing the new Disable Banner Area Meta-Based Option","url":"https:\/\/wpastra.com\/docs\/introducing-the-new-disable-banner-area-meta-based-option\/","category":["astra-theme-walkthrough-docs"]},{"title":"Introducing New Add to Cart Trigger Actions for Shop and Single Product Pages.","url":"https:\/\/wpastra.com\/docs\/introducing-new-add-to-cart-trigger-actions-for-shop-and-single-product-pages\/","category":["woo"]},{"title":"How to Change the Typography of the Astra Menu","url":"https:\/\/wpastra.com\/docs\/how-to-change-the-typography-of-the-astra-menu\/","category":["typography-pro","astra-customizer-settings"]},{"title":"How to Resolve Update Failed: -1 issue with Starter Templates plugin?","url":"https:\/\/wpastra.com\/docs\/resolve-update-failed-1-issue\/","category":["troubleshooting"]},{"title":"Astra 4.0.0 Nav Menu Module","url":"https:\/\/wpastra.com\/docs\/nav-menu-module\/","category":["nav-menu"]},{"title":"We are facing a temporary issue in importing this template","url":"https:\/\/wpastra.com\/docs\/we-are-facing-a-temporary-issue-in-importing-this-template\/","category":["starter-templates"]},{"title":"How to use dynamic customizer from Astra 4.0.0","url":"https:\/\/wpastra.com\/docs\/how-to-use-dynamic-customizer-from-astra-4-0\/","category":["astra-customizer-settings"]},{"title":"Changing the Post Title&#8217;s Tag of the Related Post Section","url":"https:\/\/wpastra.com\/docs\/changing-the-post-titles-tag-of-the-related-post-section\/","category":["astra-header-footer-filters"]},{"title":"Narrow Width &#8211; Container Layout","url":"https:\/\/wpastra.com\/docs\/narrow-width-container-layout\/","category":["global"]},{"title":"Quick admin bar navigation to edit custom layout &#038; page header","url":"https:\/\/wpastra.com\/docs\/quick-admin-bar-navigation-to-edit-custom-layout-page-header\/","category":["custom-layouts-module"]},{"title":"Support Mega Menu for all the Header Builder Menu component","url":"https:\/\/wpastra.com\/docs\/mega-menu-support-for-all-builder-menus\/","category":["installation-and-updates"]},{"title":"Improved Spectra Compatibility","url":"https:\/\/wpastra.com\/docs\/improved-spectra-compatibility\/","category":["astra-theme-walkthrough-docs"]},{"title":"How to add a custom cart button in WordPress","url":"https:\/\/wpastra.com\/docs\/how-to-add-a-custom-cart-button-in-wordpress\/","category":[]},{"title":"Show Password eye icon not visible","url":"https:\/\/wpastra.com\/docs\/show-password-eye-icon-not-visible\/","category":["woocommerce-filters"]},{"title":"Revert support for Single Product&#8217;s legacy Gallery layouts","url":"https:\/\/wpastra.com\/docs\/revert-support-for-single-products-legacy-gallery-layouts\/","category":["astra-theme-pro-filters"]},{"title":"Revert support for old Astra cart icon","url":"https:\/\/wpastra.com\/docs\/revert-support-for-old-astra-cart-icon\/","category":["woocommerce-filters"]},{"title":"How to Manage WooCommerce Product Image Width","url":"https:\/\/wpastra.com\/docs\/how-to-manage-woocommerce-product-image-width\/","category":["woo"]},{"title":"How to enable Product Quantity (Plus-Minus)?","url":"https:\/\/wpastra.com\/docs\/how-to-enable-product-quantity-plus-minus\/","category":["woo"]},{"title":"Sticky Header Background Color","url":"https:\/\/wpastra.com\/docs\/sticky-header-background-color\/","category":["header-footer-after-3-0"]},{"title":"How to remove an Author&#8217;s name from a Single Blog Post?","url":"https:\/\/wpastra.com\/docs\/how-to-remove-authors-name-from-a-single-blog-post\/","category":["blog"]},{"title":"How to Highlight the active menu item","url":"https:\/\/wpastra.com\/docs\/how-to-highlight-the-active-menu-item\/","category":["header-footer-after-3-0"]},{"title":"How to Change &#8220;Add to Cart&#8221; button text?","url":"https:\/\/wpastra.com\/docs\/how-to-change-add-to-cart-button-text\/","category":["translate-astra"]},{"title":"How to change site background color in Astra","url":"https:\/\/wpastra.com\/docs\/how-to-change-site-background-color-in-astra\/","category":["global"]},{"title":"Fix Mobile Usability Issues on Astra","url":"https:\/\/wpastra.com\/docs\/fix-mobile-usability-issues-on-astra\/","category":["general"]},{"title":"How to remove horizontal &#038; vertical gallery layouts from a single product page?","url":"https:\/\/wpastra.com\/docs\/how-to-remove-horizontal-vertical-gallery-layouts-from-a-single-product-page\/","category":["custom-code-snippets"]},{"title":"Transparent Header Menu Color not working with Mobile Breakpoint","url":"https:\/\/wpastra.com\/docs\/transparent-header-menu-color-not-working-with-mobile-breakpoint\/","category":["custom-css"]},{"title":"cURL error 60: unable to install Astra Pro plugin","url":"https:\/\/wpastra.com\/docs\/curl-error-60-unable-to-install-astra-pro-plugin\/","category":["starter-templates"]},{"title":"WP_Error-cURL error 7: Failed to connect to websitedemos.net","url":"https:\/\/wpastra.com\/docs\/wp_error-curl-error-7-failed-to-connect-to-websitedemos-net\/","category":["troubleshooting","starter-templates"]},{"title":"How to create a multisite network and use Astra child theme on it.","url":"https:\/\/wpastra.com\/docs\/how-to-create-a-multisite-network-using-astra-child-theme\/","category":["installation-and-updates"]},{"title":"How to ensure text remains visible during web font load Astra","url":"https:\/\/wpastra.com\/docs\/how-to-ensure-text-remains-visible-during-web-font-load-astra\/","category":["troubleshooting"]},{"title":"How to Create a Sticky Sidebar for Your WooCommerce Shop Page","url":"https:\/\/wpastra.com\/docs\/how-to-create-a-sticky-sidebar-in-astra\/","category":["astra-customizer-settings"]},{"title":"Change Color of Sale Badge &#8211; WooCommerce","url":"https:\/\/wpastra.com\/docs\/change-color-of-sale-badge-woocommerce\/","category":["woo"]},{"title":"How to design Footer Background in Astra","url":"https:\/\/wpastra.com\/docs\/how-to-design-footer-background\/","category":["header-footer-after-3-0"]},{"title":"How to disable logo cropping","url":"https:\/\/wpastra.com\/docs\/how-to-disable-logo-cropping\/","category":["astra-customizer-settings"]},{"title":"Misc &#8211; WooCommerce","url":"https:\/\/wpastra.com\/docs\/misc-woocommerce\/","category":["woo"]},{"title":"How To add Custom CSS for Specific Pages","url":"https:\/\/wpastra.com\/docs\/how-to-add-custom-css-for-specific-pages\/","category":["general"]},{"title":"How to Create a Mobile Menu","url":"https:\/\/wpastra.com\/docs\/how-to-create-a-mobile-menu\/","category":["header-footer-after-3-0"]},{"title":"Uploaded file exceeds the upload_max_filesize directive in php.ini","url":"https:\/\/wpastra.com\/docs\/uploaded-file-exceeds-the-upload_max_filesize-directive-in-php-ini\/","category":["troubleshooting"]},{"title":"What are the Best Astra Settings for Elementor?","url":"https:\/\/wpastra.com\/docs\/what-are-the-best-astra-settings-for-elementor\/","category":["meta-settings"]},{"title":"Astra theme string translation for WooCommerce","url":"https:\/\/wpastra.com\/docs\/astra-theme-string-translation-for-woocommerce\/","category":["translate-astra"]},{"title":"How To Fix Not Being Able To Edit Submenu Colors, Above and Below Header?","url":"https:\/\/wpastra.com\/docs\/how-to-fix-not-being-able-to-edit-submenu-colors-above-and-below-header\/","category":["general"]},{"title":"How to Import \/ Export Astra Customizer Settings","url":"https:\/\/wpastra.com\/docs\/how-to-import-export-astra-customizer-settings\/","category":["astra-customizer-settings"]},{"title":"How to disable cart fragments on WooCommerce?","url":"https:\/\/wpastra.com\/docs\/how-to-disable-cart-fragments-on-woocommerce\/","category":["woo"]},{"title":"How to add custom CSS and JavaScript to Astra theme","url":"https:\/\/wpastra.com\/docs\/how-to-add-custom-css-and-javascript-to-astra-theme\/","category":["custom-css"]},{"title":"How to add custom post type with the Astra theme","url":"https:\/\/wpastra.com\/docs\/how-to-add-custom-post-type-with-the-astra-theme\/","category":["blog-pro"]},{"title":"How to Change the Menu Color in Astra Theme","url":"https:\/\/wpastra.com\/docs\/change-menu-color-in-astra\/","category":["colors-background-pro"]},{"title":"How to use the color palette of the Astra theme","url":"https:\/\/wpastra.com\/docs\/how-to-use-the-color-palette-of-the-astra-theme\/","category":["astra-customizer-settings","global"]},{"title":"How to create a correct format svg logo?","url":"https:\/\/wpastra.com\/docs\/how-to-create-a-correct-format-svg-logo\/","category":["general"]},{"title":"How to translate the WooCommerce string?","url":"https:\/\/wpastra.com\/docs\/how-to-translate-the-woocommerce-string\/","category":["translate-astra"]},{"title":"SVG Icon","url":"https:\/\/wpastra.com\/docs\/svg-icon\/","category":["troubleshooting"]},{"title":"Using Advanced Custom Fields with Astra","url":"https:\/\/wpastra.com\/docs\/using-advanced-custom-fields-with-astra\/","category":["general"]},{"title":"How to add a wishlist button to your WooCommerce Website","url":"https:\/\/wpastra.com\/docs\/how-to-add-a-wishlist-button-to-your-woocommerce-website\/","category":["general","woo"]},{"title":"Error 406 while importing Starter Templates on your WordPress website","url":"https:\/\/wpastra.com\/docs\/error-406-while-importing-starter-templates-on-your-wordpress-website\/","category":["starter-templates"]},{"title":"How to import Starter Templates with WP CLI Command","url":"https:\/\/wpastra.com\/docs\/how-to-import-starter-templates-with-wp-cli-command\/","category":["starter-templates"]},{"title":"Auto Update Plugin Support","url":"https:\/\/wpastra.com\/docs\/auto-update-plugin-support\/","category":["installation-and-updates"]},{"title":"The blank screen in the Customizer area\u00a0","url":"https:\/\/wpastra.com\/docs\/the-blank-screen-in-the-customizer-area\/","category":["astra-customizer-settings","starter-templates"]},{"title":"Mixed Content","url":"https:\/\/wpastra.com\/docs\/mixed-content\/","category":["general","troubleshooting"]},{"title":"How to check JavaScript errors\/conflicts?","url":"https:\/\/wpastra.com\/docs\/how-to-check-javascript-errors-conflicts\/","category":["troubleshooting"]},{"title":"How Astra is tuned for performance and is the fastest theme?","url":"https:\/\/wpastra.com\/docs\/how-astra-is-tuned-for-performance-and-is-the-fastest-theme\/","category":["global"]},{"title":"Transparent Header for HFB","url":"https:\/\/wpastra.com\/docs\/transparent-header-for-hfb\/","category":["header-footer-after-3-0"]},{"title":"How &#8216;Enable Filter Accordion&#8217; Works","url":"https:\/\/wpastra.com\/docs\/how-enable-filter-accordion-works\/","category":["woo"]},{"title":"How to improve the CLS score with the Astra theme","url":"https:\/\/wpastra.com\/docs\/how-to-improve-the-cls-score-with-the-astra-theme\/","category":["global"]},{"title":"System requirement for Astra Theme","url":"https:\/\/wpastra.com\/docs\/system-requirement-for-astra-theme\/","category":["installation-and-updates"]},{"title":"WooCommerce hooks","url":"https:\/\/wpastra.com\/docs\/woocommerce-hooks\/","category":["woocommerce-free"]},{"title":"Set shop page as homepage &#8211; Woocommerce","url":"https:\/\/wpastra.com\/docs\/set-shop-page-as-homepage-woocommerce\/","category":["woocommerce-free"]},{"title":"Astra &#8211; Customize the submenu","url":"https:\/\/wpastra.com\/docs\/astra-customize-the-submenu\/","category":["astra-customizer-settings"]},{"title":"Remove default stretched block layout spacing","url":"https:\/\/wpastra.com\/docs\/remove-default-stretched-block-layout-spacing\/","category":["custom-code-snippets"]},{"title":"Improvements on the CheckOut page(Astra 3.9.0)","url":"https:\/\/wpastra.com\/docs\/improvements-on-the-checkout-pageastra-3-9-0\/","category":["installation-and-updates"]},{"title":"Improvments on the Cart Page(Astra 3.9.0)","url":"https:\/\/wpastra.com\/docs\/improvments-on-the-cart-page\/","category":["installation-and-updates"]},{"title":"Astra WooCommerce update (version 3.9.0) Misc Update","url":"https:\/\/wpastra.com\/docs\/astra-woocommerce-update-version-3-9-0-misc-update\/","category":["installation-and-updates"]},{"title":"Astra WooCommerce update (version 3.9.0) My Account Page","url":"https:\/\/wpastra.com\/docs\/astra-woocommerce-update-version-3-9-0-my-account-page\/","category":["installation-and-updates"]},{"title":"Astra WooCommerce update (version 3.9.0) Single Product Page","url":"https:\/\/wpastra.com\/docs\/astra-woocommerce-update-version-3-9-0-single-product-page\/","category":["installation-and-updates"]},{"title":"Astra WooCommerce update (version 3.9.0) Shop Page","url":"https:\/\/wpastra.com\/docs\/astra-woocommerce-update-version-3-9-0-shop-page\/","category":["installation-and-updates"]},{"title":"Astra WooCommerce update (version 3.9.0)","url":"https:\/\/wpastra.com\/docs\/astra-woocommerce-update-version-3-9-0\/","category":["installation-and-updates"]},{"title":"Improvement: WooCommerce &#8211; Modify the Cart label design","url":"https:\/\/wpastra.com\/docs\/improvement-woocommerce-modify-the-cart-label-design\/","category":["installation-and-updates"]},{"title":"Improved Block Editor Experience with Astra","url":"https:\/\/wpastra.com\/docs\/improved-block-editor-experience\/","category":["general"]},{"title":"How to Remove Google Fonts Suggestions in Astra Theme?","url":"https:\/\/wpastra.com\/docs\/remove-google-fonts-suggestions-in-astra-theme\/","category":["custom-code-snippets"]},{"title":"How to Resolve Repeater Fields Not Working in Widget Block Editor?","url":"https:\/\/wpastra.com\/docs\/resolving-repeater-fields-not-working-in-widget-block-editor\/","category":["troubleshooting"]},{"title":"Enhancement: Applying Content Background to Full-Width Layouts","url":"https:\/\/wpastra.com\/docs\/applying-content-background-to-full-width-layouts\/","category":["colors-background-pro"]},{"title":"Move Related Posts Below Comments","url":"https:\/\/wpastra.com\/docs\/move-related-posts-below-comments\/","category":["astra-theme-pro-filters"]},{"title":"Disable Astra Global Colors In Elementor","url":"https:\/\/wpastra.com\/docs\/disable-astra-global-colors-in-elementor\/","category":["astra-theme-pro-filters"]},{"title":"Remove Woocommerce Product Category Archive Title","url":"https:\/\/wpastra.com\/docs\/remove-woocommerce-category-archive-title\/","category":["woocommerce-filters"]},{"title":"Remove Astra Customization for WooCommerce","url":"https:\/\/wpastra.com\/docs\/remove-astra-customization-for-woocommerce\/","category":["woocommerce-filters"]},{"title":"How To Change Web Stories Position","url":"https:\/\/wpastra.com\/docs\/change-web-stories-position\/","category":["global"]},{"title":"Manage Astra Pro With Composer","url":"https:\/\/wpastra.com\/docs\/manage-astra-pro-with-composer\/","category":["general"]},{"title":"How to Turn Astra Website Multilingual with TranslatePress?","url":"https:\/\/wpastra.com\/docs\/turn-astra-multilingual-with-translatepress\/","category":["translate-astra"]},{"title":"Starter Templates FAQs","url":"https:\/\/wpastra.com\/docs\/starter-templates-faqs\/","category":["starter-templates"]},{"title":"Building Your Website With Starter Templates","url":"https:\/\/wpastra.com\/docs\/building-your-website-with-starter-templates\/","category":["starter-templates"]},{"title":"Starter Templates Importing","url":"https:\/\/wpastra.com\/docs\/starter-templates-importing\/","category":["starter-templates"]},{"title":"Getting Started With Starter Templates","url":"https:\/\/wpastra.com\/docs\/getting-started-with-starter-templates\/","category":["starter-templates"]},{"title":"Creating Your Header and Footer With Astra or Elementor?","url":"https:\/\/wpastra.com\/docs\/astra-or-elementor-header-and-footer\/","category":["header-footer-after-3-0"]},{"title":"Gutenberg Editor And Frontend UI Improvements With Astra (3.7.4)","url":"https:\/\/wpastra.com\/docs\/gutenberg-ui-improvements-with-astra\/","category":["astra-theme-pro-filters"]},{"title":"Replace Deprecated Astra Theme and Astra Pro Hooks","url":"https:\/\/wpastra.com\/docs\/deprecated-astra-hooks\/","category":["astra-theme-pro-filters","astra-header-footer-filters"]},{"title":"Hide the Text by Setting the Font Size to Zero","url":"https:\/\/wpastra.com\/docs\/setting-font-size-to-zero\/","category":["astra-theme-pro-filters"]},{"title":"How to Translate Categories, Tags, and Astra Strings with Polylang","url":"https:\/\/wpastra.com\/docs\/translate-categories-tags-and-strings-with-polylang\/","category":["translate-astra"]},{"title":"What To Do When Product Count Is Not Visible on Mini Cart With Astra Pro?","url":"https:\/\/wpastra.com\/docs\/product-count-color\/","category":["woo","troubleshooting"]},{"title":"How to Roll Back to A Previous Version of Astra?","url":"https:\/\/wpastra.com\/docs\/roll-back-to-previous-astra-version\/","category":["troubleshooting"]},{"title":"How to Turn Astra Website Multilingual with Polylang?","url":"https:\/\/wpastra.com\/docs\/turn-astra-multilingual-with-polylang\/","category":["translate-astra"]},{"title":"Starter Templates &#8211; Wireframe Blocks","url":"https:\/\/wpastra.com\/docs\/starter-templates-wireframe-blocks\/","category":["starter-templates"]},{"title":"How to Enable Debugging in WordPress (Debug Mode)","url":"https:\/\/wpastra.com\/docs\/enable-debugging-in-wordpress\/","category":["global"]},{"title":"How To Override Astra\u2019s theme.json in Child Theme?","url":"https:\/\/wpastra.com\/docs\/override-astras-theme-json\/","category":["general"]},{"title":"How To Hide Quantity Number When the Woocommerce Cart Is Empty?","url":"https:\/\/wpastra.com\/docs\/hide-quantity-when-cart-is-empty\/","category":["woocommerce-filters"]},{"title":"How to Display the Post Category as a Related Posts Title?","url":"https:\/\/wpastra.com\/docs\/display-category-as-related-posts-title\/","category":["blog-filters"]},{"title":"How To Remove the Astra Header From Entire Site?","url":"https:\/\/wpastra.com\/docs\/remove-astra-header-from-entire-site\/","category":["astra-header-footer-filters"]},{"title":"How To Change Navigation Links Text for a Blog Archive?","url":"https:\/\/wpastra.com\/docs\/replace-blog-archive-navigation-strings\/","category":["blog-filters"]},{"title":"Frequently Asked Questions &#8211; VIP Care","url":"https:\/\/wpastra.com\/docs\/faqs-vip-care\/","category":["account-and-store"]},{"title":"How To Remove Underlined Content Links on Buttons and Specifics Classes?","url":"https:\/\/wpastra.com\/docs\/remove-underlined-content-links\/","category":["astra-theme-pro-filters"]},{"title":"Astra Typography Presets","url":"https:\/\/wpastra.com\/docs\/astra-typography-presets\/","category":["global"]},{"title":"Astra Global Color Palette","url":"https:\/\/wpastra.com\/docs\/astra-global-color-palette-settings\/","category":["global"]},{"title":"How To Disable the Block Editor Support for Widgets","url":"https:\/\/wpastra.com\/docs\/disable-widget-block-editor-support\/","category":["astra-theme-pro-filters"]},{"title":"How To Enable Design Options for Header and Footer Widgets in Block-Based Editor","url":"https:\/\/wpastra.com\/docs\/enable-astra-widget-design-options\/","category":["astra-header-footer-filters"]},{"title":"Restrict Search Results to WooCommerce Products Only","url":"https:\/\/wpastra.com\/docs\/restrict-search-results-products\/","category":["woocommerce-filters"]},{"title":"Fix Swap Sections Not Working on Mobile (Old Astra Header)","url":"https:\/\/wpastra.com\/docs\/fix-swap-sections-not-working\/","category":["custom-code-snippets"]},{"title":"Remove Spacing Around Elementor Pro TOC Widget","url":"https:\/\/wpastra.com\/docs\/remove-spacing-elementor-toc\/","category":["astra-theme-pro-filters"]},{"title":"Fix Woocommerce Cart Becoming Transparent With Header Builder","url":"https:\/\/wpastra.com\/docs\/fix-transparent-woocommerce-cart\/","category":["woocommerce-filters"]},{"title":"How To Fix Right Margin for the Footer Widget Element","url":"https:\/\/wpastra.com\/docs\/fix-footer-widget-right-margin\/","category":["header-footer-after-3-0"]},{"title":"How to Add Elementor Template to the Mega Menu?","url":"https:\/\/wpastra.com\/docs\/add-template-to-mega-menu\/","category":["nav-menu"]},{"title":"The Recommended Size for Featured Image Upload","url":"https:\/\/wpastra.com\/docs\/recommended-size-for-featured-image\/","category":["general","blog"]},{"title":"Why Doesn\u2019t Parallax Scrolling Work on Mobile?","url":"https:\/\/wpastra.com\/docs\/parallax-not-working-on-mobile\/","category":["general"]},{"title":"How To Fix Horizontal Scrollbar on Mobile When Using Elementor?","url":"https:\/\/wpastra.com\/docs\/fix-horizontal-scrollbar-on-mobile\/","category":["troubleshooting"]},{"title":"How To Apply New Default Button Padding Values?","url":"https:\/\/wpastra.com\/docs\/apply-default-button-padding\/","category":["astra-theme-pro-filters"]},{"title":"Responsive Editing With the Astra Theme","url":"https:\/\/wpastra.com\/docs\/responsive-editing-with-astra-theme\/","category":["general"]},{"title":"How To Hide Astra Settings for Specific User Roles?","url":"https:\/\/wpastra.com\/docs\/hide-astra-settings-for-user-roles\/","category":["astra-theme-pro-filters"]},{"title":"How To Create a Header With a Centrally Positioned Logo With Astra?","url":"https:\/\/wpastra.com\/docs\/create-header-with-centrally-positioned-logo\/","category":["header-footer-after-3-0"]},{"title":"Manage Your Site Identity With Astra&#8217;s Header Builder","url":"https:\/\/wpastra.com\/docs\/manage-site-identity-and-logo\/","category":["header-footer-after-3-0"]},{"title":"How to Change the Heading Tag for the Related Posts Title?","url":"https:\/\/wpastra.com\/docs\/change-tag-for-related-posts-title\/","category":["astra-header-footer-filters"]},{"title":"Host Google Fonts Locally &#8211; Performance Is the Key","url":"https:\/\/wpastra.com\/docs\/performance-is-the-key\/","category":["astra-theme-walkthrough-docs"]},{"title":"How To Improve CLS For the SVG Logo?","url":"https:\/\/wpastra.com\/docs\/improve-cls-for-svg-logo\/","category":["troubleshooting"]},{"title":"How to Fix Font-Weight Not Applying To Widget Titles?","url":"https:\/\/wpastra.com\/docs\/font-weight-for-widget-titles\/","category":["astra-theme-pro-filters"]},{"title":"How to Self-Host Google Fonts in Astra?","url":"https:\/\/wpastra.com\/docs\/self-hosted-google-fonts\/","category":["astra-theme-pro-filters"]},{"title":"Gutenberg Plugin Causing Issues With the Astra Customizer","url":"https:\/\/wpastra.com\/docs\/astra-customizer-options-unavailable\/","category":["troubleshooting"]},{"title":"Change the &#8220;Shopping Cart&#8221; Text for WooCommerce &#038; EDD Mobile Header Cart","url":"https:\/\/wpastra.com\/docs\/update-mobile-cart-title\/","category":["woocommerce-filters"]},{"title":"Modify Your PHP Configuration","url":"https:\/\/wpastra.com\/docs\/modify-your-php-configuration\/","category":["general"]},{"title":"Could not store XML file in \/wp-content\/ folder?","url":"https:\/\/wpastra.com\/docs\/could-not-store-files-in-wp-content-folder\/","category":["starter-templates"]},{"title":"How to Fix 5XX Error While Importing a Starter Template?","url":"https:\/\/wpastra.com\/docs\/5xx-error-starter-templates\/","category":["starter-templates"]},{"title":"How to Fix Blocked Requests Error While Importing a Starter Template?","url":"https:\/\/wpastra.com\/docs\/blocked-requests-error-starter-templates\/","category":["starter-templates"]},{"title":"How to Fix Operation Timed Error While Importing a Starter Template?","url":"https:\/\/wpastra.com\/docs\/operation-timed-error-starter-templates\/","category":["starter-templates"]},{"title":"How to Fix Starter Template Importing Issues","url":"https:\/\/wpastra.com\/docs\/fix-starter-template-importing-issues\/","category":["starter-templates"]},{"title":"How to Remove Border Around the Cart? (Issue After Updating to Astra 3.4)","url":"https:\/\/wpastra.com\/docs\/remove-border-around-cart\/","category":["woo"]},{"title":"Getting the Most Out of Astra Theme","url":"https:\/\/wpastra.com\/docs\/getting-the-most-with-astra\/","category":["astra-theme-walkthrough-docs"]},{"title":"How To Build Quick Sites With Astra?","url":"https:\/\/wpastra.com\/docs\/build-quick-websites\/","category":["astra-theme-walkthrough-docs"]},{"title":"See Other Customizer Options","url":"https:\/\/wpastra.com\/docs\/other-customizer-options\/","category":["astra-theme-walkthrough-docs"]},{"title":"Build Your Footer","url":"https:\/\/wpastra.com\/docs\/footer-builder-options\/","category":["astra-theme-walkthrough-docs"]},{"title":"Add Your Sidebars","url":"https:\/\/wpastra.com\/docs\/how-to-add-sidebars\/","category":["astra-theme-walkthrough-docs"]},{"title":"Set Up Your Blog","url":"https:\/\/wpastra.com\/docs\/how-to-setup-blog\/","category":["astra-theme-walkthrough-docs"]},{"title":"Find the Way With Breadcrumbs","url":"https:\/\/wpastra.com\/docs\/using-breadcrumbs\/","category":["astra-theme-walkthrough-docs"]},{"title":"Build Your Header","url":"https:\/\/wpastra.com\/docs\/header-builder-options\/","category":["astra-theme-walkthrough-docs"]},{"title":"Style Your Website With Global Settings","url":"https:\/\/wpastra.com\/docs\/style-with-global-settings\/","category":["astra-theme-walkthrough-docs"]},{"title":"This Is Your Customizer","url":"https:\/\/wpastra.com\/docs\/manage-customizer-options\/","category":["astra-theme-walkthrough-docs"]},{"title":"Astra Theme Walkthrough","url":"https:\/\/wpastra.com\/docs\/astra-theme-walkthrough\/","category":["astra-theme-walkthrough-docs"]},{"title":"Display Related Posts on Single Blog Post","url":"https:\/\/wpastra.com\/docs\/display-related-posts\/","category":["blog"]},{"title":"How do I check my Support Ticket History?","url":"https:\/\/wpastra.com\/docs\/check-support-ticket-history\/","category":["account-and-store"]},{"title":"How to Resolve Fatal Error: Call to Undefined function ctype_xdigit()","url":"https:\/\/wpastra.com\/docs\/fatal-error-ctype-xdigit\/","category":["installation-and-updates","troubleshooting"]},{"title":"Toggle Button for Desktop &#8211; Header Builder Element","url":"https:\/\/wpastra.com\/docs\/toggle-button-for-desktop\/","category":["header-footer-after-3-0"]},{"title":"Astra\u2019s Default Font Icons Replaced With SVG","url":"https:\/\/wpastra.com\/docs\/ast-font-icons-to-svg\/","category":["general"]},{"title":"Fix Spacing Issues in Gutenberg Blocks","url":"https:\/\/wpastra.com\/docs\/fix-spacing-gb-blocks\/","category":["astra-theme-pro-filters"]},{"title":"Optimize Astra HTML and CSS &#8211; For Existing Astra Users (Before v3.3)","url":"https:\/\/wpastra.com\/docs\/optimize-css-html-before-3-3\/","category":["general"]},{"title":"FAQs &#8211; Astra Pro 3.2 &#8211; Custom Layout Inside Pages\/Posts","url":"https:\/\/wpastra.com\/docs\/faqs-astra-pro-3-2\/","category":["general"]},{"title":"Inside Page\/Post Content Custom Layouts","url":"https:\/\/wpastra.com\/docs\/custom-layouts-inside-page\/","category":["custom-layouts-module"]},{"title":"How to Remove the White Bars in the Safari Browser on iPhone X and Higher","url":"https:\/\/wpastra.com\/docs\/remove-white-bars-on-safari\/","category":["general"]},{"title":"Sorry, You Are Not Allowed To Access This Page","url":"https:\/\/wpastra.com\/docs\/not-allowed-to-access-page\/","category":["installation-and-updates"]},{"title":"Getting Started with Business Toolkit","url":"https:\/\/wpastra.com\/docs\/getting-started-business-toolkit\/","category":["installation-and-updates"]},{"title":"Getting Started With Essential Toolkit","url":"https:\/\/wpastra.com\/docs\/getting-started-with-essential-toolkit\/","category":["installation-and-updates"]},{"title":"Can&#8217;t See Newly Added Templates in Starter Templates Library?","url":"https:\/\/wpastra.com\/docs\/sync-starter-templates\/","category":["starter-templates"]},{"title":"Filter to Remove Starter Templates Button on Post Types","url":"https:\/\/wpastra.com\/docs\/filter-to-remove-starter-templates-button\/","category":["starter-templates"]},{"title":"Using Language Switcher Element with WPML","url":"https:\/\/wpastra.com\/docs\/using-language-switcher\/","category":["header-footer-after-3-0"]},{"title":"Importing Gutenberg Pages, Patterns, and Wireframes","url":"https:\/\/wpastra.com\/docs\/import-gb-pages-patterns\/","category":["starter-templates"]},{"title":"Revamped Astra&#8217;s Customizer","url":"https:\/\/wpastra.com\/docs\/revamped-astra-customizer\/","category":["header-footer-after-3-0","general"]},{"title":"Clone and Delete Elements in Header Footer Builder","url":"https:\/\/wpastra.com\/docs\/clone-delete-hf-elements\/","category":["header-footer-after-3-0"]},{"title":"How to Clear Astra&#8217;s Cache?","url":"https:\/\/wpastra.com\/docs\/clear-astra-cache\/","category":["troubleshooting"]},{"title":"FAQs &#8211; Astra Header\/Footer Builder &#8211; Existing Customers","url":"https:\/\/wpastra.com\/docs\/faqs-hf-builder-old-users\/","category":["header-footer-after-3-0"]},{"title":"How To Create Mobile Header With Astra Header Builder?","url":"https:\/\/wpastra.com\/docs\/create-mobile-header-with-header-builder\/","category":["header-footer-after-3-0"]},{"title":"How To Create a Footer With Astra Footer Builder?","url":"https:\/\/wpastra.com\/docs\/create-footer-with-footer-builder\/","category":["header-footer-after-3-0"]},{"title":"How To Create a Header With Astra Header Builder?","url":"https:\/\/wpastra.com\/docs\/create-header-with-header-builder\/","category":["header-footer-after-3-0"]},{"title":"Add Multiple Elements in Header Footer Builder","url":"https:\/\/wpastra.com\/docs\/multiple-elements-in-header-footer\/","category":["header-footer-after-3-0"]},{"title":"FAQs &#8211; Astra Header\/Footer Builder","url":"https:\/\/wpastra.com\/docs\/faqs-astra-header-footer-builder\/","category":["header-footer-after-3-0"]},{"title":"Elements in Header\/Footer Builder With Astra Theme and Astra Pro","url":"https:\/\/wpastra.com\/docs\/elements-in-header-footer-builder\/","category":["header-footer-after-3-0"]},{"title":"How to Add Gutenberg Design Compatibility?","url":"https:\/\/wpastra.com\/docs\/gb-design-compatibility\/","category":["general"]},{"title":"New Color Controls in Astra theme &#038; Astra Pro Addon","url":"https:\/\/wpastra.com\/docs\/new-color-controls-in-astra\/","category":["general"]},{"title":"Astra Pro Shortcodes Reference","url":"https:\/\/wpastra.com\/docs\/astra-pro-shortcodes-reference\/","category":[]},{"title":"Filter to Add Global Button Settings Support for WooCommerce Buttons","url":"https:\/\/wpastra.com\/docs\/global-button-support-for-woocommerce-buttons\/","category":["woocommerce-filters"]},{"title":"Blog Featured Image Size Not Working \/ Error in Image Processing Library","url":"https:\/\/wpastra.com\/docs\/blog-featured-image-size-issues\/","category":["troubleshooting","blog-filters"]},{"title":"Unable to find &#8220;No Toggle&#8221; Menu Style?","url":"https:\/\/wpastra.com\/docs\/unable-to-find-no-toggle-menu-style\/","category":["mobile-header"]},{"title":"Header Improvements in Astra!","url":"https:\/\/wpastra.com\/docs\/header-improvements-in-astra\/","category":["header-sections"]},{"title":"Filter to Add Support for Gutenberg Cover and Group blocks","url":"https:\/\/wpastra.com\/docs\/support-for-gutenberg-cover-and-group-blocks\/","category":["astra-theme-pro-filters"]},{"title":"Change Footer Widget Title&#8217;s Heading Tag","url":"https:\/\/wpastra.com\/docs\/change-footer-widget-title-heading-tag\/","category":["astra-header-footer-filters"]},{"title":"How to Modify\/Change the Quick View text?","url":"https:\/\/wpastra.com\/docs\/modify-quick-view-text\/","category":["woocommerce-filters"]},{"title":"Deprecated Google Fonts Filter","url":"https:\/\/wpastra.com\/docs\/deprecated-google-fonts-filter\/","category":["astra-theme-pro-filters"]},{"title":"Mountain Template With Elementor Theme Style","url":"https:\/\/wpastra.com\/docs\/mountain-template-elementor-theme-style\/","category":["starter-templates"]},{"title":"Plugin Installation Failed &#8211; Multisite","url":"https:\/\/wpastra.com\/docs\/plugin-installation-failed-multisite\/","category":["starter-templates"]},{"title":"How to Modify Read Time Text on Blog and Single Post Page?","url":"https:\/\/wpastra.com\/docs\/modify-read-time-text\/","category":[]},{"title":"System Requirements &#8211;  Starter Templates","url":"https:\/\/wpastra.com\/docs\/system-requirements-starter-templates\/","category":["starter-templates"]},{"title":"Custom Layout not Rendering Correctly with Beaver Builder?","url":"https:\/\/wpastra.com\/docs\/custom-layouts-rendering-issue\/","category":["astra-theme-pro-filters"]},{"title":"Unable to Upload the Astra Pro ZIP File because it is Unzipped During the Download?","url":"https:\/\/wpastra.com\/docs\/unable-to-upload-the-astra-pro-zip-file\/","category":["installation-and-updates"]},{"title":"How to Update Responsive Breakpoints for Tablet+Mobile in Astra?","url":"https:\/\/wpastra.com\/docs\/set-update-breakpoints-tablet-mobile-in-astra\/","category":["header-footer-after-3-0","astra-header-footer-filters"]},{"title":"Usage Tracking","url":"https:\/\/wpastra.com\/docs\/usage-tracking\/","category":["general"]},{"title":"How to Install Starter Templates (Free) Plugin?","url":"https:\/\/wpastra.com\/docs\/install-free-starter-templates\/","category":["starter-templates"]},{"title":"How to Update Your Payment Method?","url":"https:\/\/wpastra.com\/docs\/update-payment-method\/","category":[]},{"title":"How to Setup Custom Adobe Fonts (Typekit) Plugin?","url":"https:\/\/wpastra.com\/docs\/setup-custom-adobe-fonts-typekit-plugin\/","category":["general"]},{"title":"Can I Import Starter Templates Site on Existing Website?","url":"https:\/\/wpastra.com\/docs\/import-templates-on-existing-website\/","category":["starter-templates"]},{"title":"Premium Starter Templates &#8211; Install and Activate License","url":"https:\/\/wpastra.com\/docs\/install-premium-starter-templates\/","category":["starter-templates"]},{"title":"Starter Templates &#8211; Requires plugins missing","url":"https:\/\/wpastra.com\/docs\/plugin-installation-failed\/","category":["starter-templates"]},{"title":"Filter to Remove Link From Featured Images on Blog Page","url":"https:\/\/wpastra.com\/docs\/remove-featured-image-link-on-blog-page\/","category":["blog-filters"]},{"title":"Set Parallax Effect on Responsive Devices with Page Header","url":"https:\/\/wpastra.com\/docs\/parallax-page-header\/","category":["page-headers"]},{"title":"Starter Templates &#8211; Free Images from Pixabay","url":"https:\/\/wpastra.com\/docs\/starter-templates-pixabay-images\/","category":["starter-templates"]},{"title":"Starter Templates &#8211; Elementor Popup","url":"https:\/\/wpastra.com\/docs\/starter-templates-elementor-popup\/","category":["starter-templates"]},{"title":"Update Required Plugins &#8211; Starter Templates","url":"https:\/\/wpastra.com\/docs\/update-required-plugins\/","category":["starter-templates"]},{"title":"XMLReader Support Missing &#8211; Starter Templates","url":"https:\/\/wpastra.com\/docs\/xmlreader-missing\/","category":["starter-templates"]},{"title":"Disable Debug Mode &#8211; Starter Templates","url":"https:\/\/wpastra.com\/docs\/disable-debug-mode\/","category":["starter-templates"]},{"title":"Required File Permissions Missing &#8211; Starter Templates","url":"https:\/\/wpastra.com\/docs\/required-file-permissions\/","category":["starter-templates"]},{"title":"cURL Support Missing &#8211; Starter Templates","url":"https:\/\/wpastra.com\/docs\/curl-support-missing\/","category":["starter-templates"]},{"title":"Starter Templates with Other Themes","url":"https:\/\/wpastra.com\/docs\/starter-templates-with-other-themes\/","category":["starter-templates"]},{"title":"How to Import A Complete Site With Starter Templates?","url":"https:\/\/wpastra.com\/docs\/starter-templates-complete-site\/","category":["starter-templates"]},{"title":"Starter Templates \u2014 Basics and FAQs","url":"https:\/\/wpastra.com\/docs\/starter-templates-basics-faqs\/","category":["starter-templates"]},{"title":"How to Import Single Page With Starter Templates?","url":"https:\/\/wpastra.com\/docs\/import-single-template\/","category":["starter-templates"]},{"title":"How to Enable Astra Comment Box on Custom Post Types?","url":"https:\/\/wpastra.com\/docs\/enable-astra-comment-box-on-cpt\/","category":["general"]},{"title":"Astra 2.2 for Existing Users","url":"https:\/\/wpastra.com\/docs\/astra-2-2-for-existing-users\/","category":["general"]},{"title":"How to Remove Featured Image Link on Archive Page?","url":"https:\/\/wpastra.com\/docs\/remove-featured-image-link-on-archive-page\/","category":["general","blog-filters"]},{"title":"Display Settings of Custom Layouts in Astra Pro","url":"https:\/\/wpastra.com\/docs\/display-rules-in-astra\/","category":["custom-layouts-module"]},{"title":"Get SkillJet Access &#8211; Brainstorm Force Customer","url":"https:\/\/wpastra.com\/docs\/unlock-skilljet-access\/","category":["general"]},{"title":"How to Disable Product Quantity (Plus-Minus) Buttons?","url":"https:\/\/wpastra.com\/docs\/disable-plus-minus-buttons\/","category":["woocommerce-filters"]},{"title":"Change Placeholder for Search Box (Old Astra Header)","url":"https:\/\/wpastra.com\/docs\/change-search-placeholder\/","category":["astra-header-footer-filters"]},{"title":"How to Disable Schema Markup Added by Astra?","url":"https:\/\/wpastra.com\/docs\/disable-schema-markup\/","category":["astra-theme-pro-filters"]},{"title":"Change the String &#8220;Search Results For&#8221;","url":"https:\/\/wpastra.com\/docs\/change-search-string\/","category":["astra-header-footer-filters"]},{"title":"Restrict Search Results to Posts Only","url":"https:\/\/wpastra.com\/docs\/restrict-search-results-post\/","category":["astra-theme-pro-filters"]},{"title":"How to Remove Page Header Title?","url":"https:\/\/wpastra.com\/docs\/remove-page-header-title\/","category":["page-headers"]},{"title":"Naming Convention for Astra 2.1.0 CSS File(s)","url":"https:\/\/wpastra.com\/docs\/naming-convention-astra-2-1\/","category":["general"]},{"title":"How to Get Started with CSS File Generation","url":"https:\/\/wpastra.com\/docs\/enable-css-file-generation\/","category":["general"]},{"title":"Browser Support by Astra","url":"https:\/\/wpastra.com\/docs\/browser-support-by-astra\/","category":["general"]},{"title":"Structuring Shop WooCommerce Page","url":"https:\/\/wpastra.com\/docs\/shop-woocommerce-2\/","category":["woo"]},{"title":"How to Deal with Update Issues in Astra Theme and Astra Pro Addon?","url":"https:\/\/wpastra.com\/docs\/overcoming-update-issues-in-astra\/","category":["troubleshooting"]},{"title":"How to Manage License on Store?","url":"https:\/\/wpastra.com\/docs\/how-to-manage-license-on-store\/","category":["account-and-store"]},{"title":"How to Update Astra Theme Manually?","url":"https:\/\/wpastra.com\/docs\/update-theme-manually\/","category":["installation-and-updates"]},{"title":"How to Change the Heading Tag for the Page\/Post Titles?","url":"https:\/\/wpastra.com\/docs\/change-heading-tag-for-post-title\/","category":["astra-header-footer-filters"]},{"title":"Astra Compatibility with LearnDash Version 3.0","url":"https:\/\/wpastra.com\/docs\/astra-compatibility-with-learndash-3-0\/","category":["learndash-astra-pro-modules","learndash"]},{"title":"Modify font-display Property Value","url":"https:\/\/wpastra.com\/docs\/modify-font-display-property-value\/","category":["astra-theme-pro-filters"]},{"title":"How to Change HTML tag for Site Title and Tagline?","url":"https:\/\/wpastra.com\/docs\/change-site-title-tagline-html-tag\/","category":["astra-header-footer-filters"]},{"title":"Why font-display property is added to Astra?","url":"https:\/\/wpastra.com\/docs\/font-display-property-in-astra\/","category":[]},{"title":"Disable All Meta Settings of Page\/Post by Default","url":"https:\/\/wpastra.com\/docs\/disable-all-meta-settings-of-page-post-by-default\/","category":["astra-theme-pro-filters"]},{"title":"How to Remove Inline CSS from Astra?","url":"https:\/\/wpastra.com\/docs\/remove-inline-css-from-astra\/","category":["astra-theme-pro-filters"]},{"title":"How to Add RTL CSS via Child Theme?","url":"https:\/\/wpastra.com\/docs\/rtl-css-via-child-theme\/","category":["general"]},{"title":"How to Change Previous and Next Link Text from a Single Blog Post?","url":"https:\/\/wpastra.com\/docs\/replace-navigation-strings-on-single-post\/","category":["blog-filters"]},{"title":"Add Title attribute to Header Background Image as a Substitute for Alt Text","url":"https:\/\/wpastra.com\/docs\/title-attribute-in-header-background-image\/","category":["astra-header-footer-filters"]},{"title":"How to Switch From Existing Breadcrumb to New Trail?","url":"https:\/\/wpastra.com\/docs\/filter-to-switch-bread-from-old-to-new\/","category":["breadcrumb"]},{"title":"How to Display a Breadcrumb Anywhere within a Page or Post with Shortcode?","url":"https:\/\/wpastra.com\/docs\/display-breadcrumb-with-shortcode\/","category":["breadcrumb"]},{"title":"How to Add Breadcrumbs in WordPress Website with Astra","url":"https:\/\/wpastra.com\/docs\/add-breadcrumbs-with-astra\/","category":["breadcrumb"]},{"title":"Disable Astra\u2019s Native AMP Functionality","url":"https:\/\/wpastra.com\/docs\/disable-astra-amp-support\/","category":["native-amp-support","astra-theme-pro-filters"]},{"title":"Astra Options that won&#8217;t work with AMP","url":"https:\/\/wpastra.com\/docs\/astra-options-that-wont-work-with-amp\/","category":["native-amp-support","general"]},{"title":"Configure AMP Plugin","url":"https:\/\/wpastra.com\/docs\/configure-amp-plugin\/","category":["native-amp-support","general"]},{"title":"How to Activate the License for Astra Premium Sites Plugin?","url":"https:\/\/wpastra.com\/docs\/activate-license-for-astra-premium-sites-plugin\/","category":["installation-and-updates"]},{"title":"White Label Constants to Change Strings Permanently","url":"https:\/\/wpastra.com\/docs\/white-label-constants-to-change-strings-permanently\/","category":["white-label"]},{"title":"Manually Install Astra via FTP","url":"https:\/\/wpastra.com\/docs\/manually-install-astra-via-ftp\/","category":["installation-and-updates"]},{"title":"Change Sidebar Widget Title Heading Tag","url":"https:\/\/wpastra.com\/docs\/change-sidebar-widget-title-heading-tag\/","category":["astra-theme-pro-filters"]},{"title":"How to Change the Direction for Submenu Opening?","url":"https:\/\/wpastra.com\/docs\/change-the-direction-for-submenu-opening\/","category":["general"]},{"title":"Display Products from Same Category with Navigation","url":"https:\/\/wpastra.com\/docs\/products-from-same-directed-category-with-navigation\/","category":["general"]},{"title":"Native AMP Support in Astra","url":"https:\/\/wpastra.com\/docs\/astra-native-amp-support\/","category":["native-amp-support","general"]},{"title":"How to Disable the White Label Settings Permanently?","url":"https:\/\/wpastra.com\/docs\/how-to-disable-the-white-label-settings-permanently\/","category":["white-label","general"]},{"title":"Troubleshooting Steps ( with Health Check &#038; Troubleshooting plugin )","url":"https:\/\/wpastra.com\/docs\/troubleshooting-steps\/","category":["troubleshooting"]},{"title":"How to Add Icons to Menu Items?","url":"https:\/\/wpastra.com\/docs\/how-to-add-icons-to-menu-items\/","category":["general"]},{"title":"How Translations can be Manually Exported and Uploaded to the Site?","url":"https:\/\/wpastra.com\/docs\/manually-upload-translations\/","category":["translate-astra"]},{"title":"&#8216;The preview could not be loaded&#8217; Pop Up with Astra and Elementor","url":"https:\/\/wpastra.com\/docs\/the-preview-could-not-be-loaded-pop-up\/","category":["troubleshooting"]},{"title":"Change Woocommerce Out of Stock Text","url":"https:\/\/wpastra.com\/docs\/change-woocommerce-out-of-stock-text\/","category":["woocommerce-filters"]},{"title":"Does White Label Feature Make Changes in the Code?","url":"https:\/\/wpastra.com\/docs\/does-white-label-feature-in-astra-pro-make-changes-in-the-frontend-code\/","category":["white-label"]},{"title":"Typography options for EDD","url":"https:\/\/wpastra.com\/docs\/typography-options-for-edd\/","category":["easy-digital-downloads-module"]},{"title":"Colors &#038; Background options for EDD","url":"https:\/\/wpastra.com\/docs\/colors-background-options-for-edd\/","category":["easy-digital-downloads-module"]},{"title":"Checkout Page &#8211; EDD Module Options","url":"https:\/\/wpastra.com\/docs\/checkout-page-edd-module-options\/","category":["easy-digital-downloads-module"]},{"title":"Single Product &#8211; EDD Module Options","url":"https:\/\/wpastra.com\/docs\/single-product-edd-module-options\/","category":["easy-digital-downloads-module"]},{"title":"Product Archive &#8211; EDD Module Options","url":"https:\/\/wpastra.com\/docs\/product-archive-edd-module-options\/","category":["easy-digital-downloads-module"]},{"title":"General &#8211; EDD Module Options","url":"https:\/\/wpastra.com\/docs\/general-edd-module-options\/","category":["easy-digital-downloads-module"]},{"title":"EDD &#8211; Easy Digital Downloads Module Overview","url":"https:\/\/wpastra.com\/docs\/easy-digital-downloads-module-overview\/","category":["easy-digital-downloads-module"]},{"title":"EDD Integration Overview in Free Astra Theme","url":"https:\/\/wpastra.com\/docs\/edd-integration-overview-astra-theme\/","category":["easy-digital-downloads"]},{"title":"How to Display a Mini Cart Anywhere Using Shortcode? (Astra and EDD)","url":"https:\/\/wpastra.com\/docs\/edd-mini-cart-shortcode\/","category":["easy-digital-downloads-module","general"]},{"title":"How to Add EDD Cart in Header? (Old Astra Header)","url":"https:\/\/wpastra.com\/docs\/edd-cart-in-header\/","category":["general","easy-digital-downloads","easy-digital-downloads-module"]},{"title":"How to Add Download Archive Pages to the Menu When Using Astra with EDD?","url":"https:\/\/wpastra.com\/docs\/add-download-archive-page-to-menu\/","category":["general","easy-digital-downloads","easy-digital-downloads-module"]},{"title":"How to Disable EDD Inbuilt Styling?","url":"https:\/\/wpastra.com\/docs\/disable-edd-inbuilt-styling\/","category":["general","easy-digital-downloads","easy-digital-downloads-module"]},{"title":"How to Apply For Brainstorm Force Affiliate Program? (Become Astra Affiliate)","url":"https:\/\/wpastra.com\/docs\/become-astra-affiliate\/","category":["account-and-store"]},{"title":"How to Add Custom Fonts in Astra?","url":"https:\/\/wpastra.com\/docs\/custom-fonts-in-astra\/","category":["general"]},{"title":"How to Upgrade to Astra Pro?","url":"https:\/\/wpastra.com\/docs\/upgrade-to-astra-pro\/","category":["installation-and-updates"]},{"title":"Typography Improvement for Astra","url":"https:\/\/wpastra.com\/docs\/typography-improvement-for-astra\/","category":["global"]},{"title":"How Does Astra Work with the Gutenberg Editor?","url":"https:\/\/wpastra.com\/docs\/astra-with-gutenberg-editor\/","category":[]},{"title":"How to Create Different Headers on Different Pages Using Astra?","url":"https:\/\/wpastra.com\/docs\/different-headers-on-different-pages\/","category":["general"]},{"title":"Dim Content on Menu Hover","url":"https:\/\/wpastra.com\/docs\/dim-content-on-menu-hover\/","category":["custom-css"]},{"title":"Which Zip Should I Install from the Store?","url":"https:\/\/wpastra.com\/docs\/which-zip-to-install\/","category":["installation-and-updates"]},{"title":"How to Set Animation To The Sub Menu?","url":"https:\/\/wpastra.com\/docs\/how-to-set-animation-to-the-sub-menu\/","category":["general"]},{"title":"Display SubMenu Just Below the Header","url":"https:\/\/wpastra.com\/docs\/display-sub-menu-below-the-header\/","category":["general"]},{"title":"How to Duplicate &#8216;Custom Layouts&#8217; and &#8216;Page Headers&#8217;?","url":"https:\/\/wpastra.com\/docs\/duplicate-custom-layouts-and-page-headers\/","category":["general"]},{"title":"How to Set up a WordPress Staging Site?","url":"https:\/\/wpastra.com\/docs\/how-to-set-up-a-staging-site\/","category":["general"]},{"title":"How to Disable Primary Header?","url":"https:\/\/wpastra.com\/docs\/how-to-disable-primary-header\/","category":["astra-header-footer-filters"]},{"title":"Nav Menu Module [Create a Mega Menu]","url":"https:\/\/wpastra.com\/docs\/nav-menu-addon\/","category":["nav-menu"]},{"title":"How to Switch to Astra from Another Theme?","url":"https:\/\/wpastra.com\/docs\/how-to-switch-to-astra\/","category":["general"]},{"title":"Google Fonts Not Loading with Astra","url":"https:\/\/wpastra.com\/docs\/google-fonts-not-loading-with-astra\/","category":["general"]},{"title":"Adding Custom Sidebar to the Theme with Lightweight Sidebar Manager plugin","url":"https:\/\/wpastra.com\/docs\/adding-custom-sidebar\/","category":["general"]},{"title":"Automatic Beta Updates for Astra","url":"https:\/\/wpastra.com\/docs\/automatic-beta-updates-for-astra\/","category":["general","installation-and-updates"]},{"title":"How to Add Font Awesome Icons in Astra?","url":"https:\/\/wpastra.com\/docs\/add-font-awesome-icons-in-astra\/","category":["general"]},{"title":"Color for Anchor Tag Inside Heading Tag","url":"https:\/\/wpastra.com\/docs\/anchor-tag-inside-heading-tag\/","category":["general"]},{"title":"Search Shortcode to Add Search Box in Astra","url":"https:\/\/wpastra.com\/docs\/search-box-shortcode-in-astra\/","category":["general"]},{"title":"LifterLMS Shortcode to Add Profile Link","url":"https:\/\/wpastra.com\/docs\/lifterlms-shortcode-for-profile-link\/","category":["general","lifterlms-astra-pro"]},{"title":"LearnDash Shortcode to Add Profile Link","url":"https:\/\/wpastra.com\/docs\/learndash-shortcode-for-profile-link\/","category":["general","learndash-astra-pro-modules"]},{"title":"How to Download Older Version of Astra Theme or Astra Pro Addon plugin?","url":"https:\/\/wpastra.com\/docs\/download-older-version-of-astra\/","category":["general"]},{"title":"How to Add Google Tag Manager Code to Astra?","url":"https:\/\/wpastra.com\/docs\/how-to-add-google-tag-manager-code-to-astra\/","category":["general"]},{"title":"Mobile Header with Above\/Below Header (Old Astra Header)","url":"https:\/\/wpastra.com\/docs\/mobile-header-with-above-below-header\/","category":["mobile-header"]},{"title":"How to Stick Footer to Bottom when Page Content is Less?","url":"https:\/\/wpastra.com\/docs\/how-to-stick-footer-to-bottom-when-page-content-is-less\/","category":["general","footer-widgets-module"]},{"title":"Quick View for WooCommerce Products","url":"https:\/\/wpastra.com\/docs\/quick-view-for-woocommerce-products\/","category":["woo"]},{"title":"Off-Canvas Sidebar for WooCommerce Shop Page","url":"https:\/\/wpastra.com\/docs\/off-canvas-sidebar-for-woocommerce-shop-page\/","category":["woo"]},{"title":"How to Add WooCommerce Mini Cart in Header? (Old Astra Header)","url":"https:\/\/wpastra.com\/docs\/add-woocommerce-mini-cart-to-header\/","category":["general","woocommerce-free","woo"]},{"title":"How to Translate Astra Strings with WPML?","url":"https:\/\/wpastra.com\/docs\/translate-astra-string-wpml\/","category":["translate-astra"]},{"title":"Know More about Astra Beta Versions? How to Download and Use?","url":"https:\/\/wpastra.com\/docs\/about-beta-versions\/","category":["general","installation-and-updates"]},{"title":"How to Add Social Media Icons to Header?","url":"https:\/\/wpastra.com\/docs\/how-to-add-social-media-icons-to-header\/","category":["general"]},{"title":"How to Translate Custom Layouts with WPML?","url":"https:\/\/wpastra.com\/docs\/how-to-translate-custom-layouts-with-wpml\/","category":["translate-astra","custom-layouts-module"]},{"title":"Why Is My Logo Blurry?","url":"https:\/\/wpastra.com\/docs\/why-is-my-logo-blurry\/","category":["header-footer-after-3-0"]},{"title":"How to Disable Title on Posts, Pages, or Other Post Types?","url":"https:\/\/wpastra.com\/docs\/disable-title-on-post-type\/","category":["astra-theme-pro-filters"]},{"title":"Disable Featured Image on Posts, Pages, or Other Post Types","url":"https:\/\/wpastra.com\/docs\/disable-featured-image-on-post-type\/","category":["astra-theme-pro-filters"]},{"title":"How to Display &#8220;Last Updated&#8221; instead of &#8220;Published&#8221; Date","url":"https:\/\/wpastra.com\/docs\/show-last-updated-not-published-date\/","category":["blog-pro","blog-filters","blog"]},{"title":"How To Reset WordPress Installation?","url":"https:\/\/wpastra.com\/docs\/how-to-reset-wordpress-installation\/","category":["starter-templates"]},{"title":"Mobile Header with Astra (Old Astra Header)","url":"https:\/\/wpastra.com\/docs\/mobile-header-with-astra\/","category":["mobile-header"]},{"title":"Disable featured image on all pages","url":"https:\/\/wpastra.com\/docs\/disable-featured-image-on-all-pages\/","category":[]},{"title":"Elementor Error: The Content Area Was Not Found in Your Page","url":"https:\/\/wpastra.com\/docs\/elementor-the-content-area-was-not-found-in-your-page\/","category":[]},{"title":"Sidebar \/ Container Options in Customizer for Learndash Not Working?","url":"https:\/\/wpastra.com\/docs\/sidebar-container-options-in-customizer-for-learndash-not-working\/","category":["general"]},{"title":"About Icons Font That Comes with Astra","url":"https:\/\/wpastra.com\/docs\/default-font-icon-list-in-astra\/","category":["general"]},{"title":"Default Structured Data and Schema Markup in Astra Theme","url":"https:\/\/wpastra.com\/docs\/structured-data-and-schema-markup-in-astra\/","category":["general"]},{"title":"Below Header Section","url":"https:\/\/wpastra.com\/docs\/below-header-section\/","category":["header-sections"]},{"title":"Above Header Section","url":"https:\/\/wpastra.com\/docs\/above-header-section\/","category":["header-sections"]},{"title":"How to Install Astra Theme?","url":"https:\/\/wpastra.com\/docs\/how-to-install-astra-theme\/","category":["installation-and-updates"]},{"title":"Not Receiving Update Notification for Astra Theme?","url":"https:\/\/wpastra.com\/docs\/not-receiving-update-notification-for-astra-theme\/","category":["general"]},{"title":"Do Not See License Activation Form for Astra Pro Addon Plugin?","url":"https:\/\/wpastra.com\/docs\/do-not-see-license-activation-form\/","category":["installation-and-updates"]},{"title":"How to Refresh \/ Flush WordPress Permalinks?","url":"https:\/\/wpastra.com\/docs\/how-to-refresh-wordpress-permalinks\/","category":["general"]},{"title":"How to Merge Above\/Below Header Menu with a Primary Menu in Responsive?","url":"https:\/\/wpastra.com\/docs\/how-to-merge-above-below-header-menu-with-a-primary-menu-in-responsive\/","category":["general"]},{"title":"How to add Google Analytics Code with the Astra Theme?","url":"https:\/\/wpastra.com\/docs\/how-to-add-google-analytics-code-with-astra-theme\/","category":["general"]},{"title":"Getting error &#8211; The package could not be installed. The theme is missing the style.css stylesheet?","url":"https:\/\/wpastra.com\/docs\/getting-error-the-package-could-not-be-installed-the-theme-is-missing-the-style-css-stylesheet\/","category":["installation-and-updates","troubleshooting"]},{"title":"Typography Options for WooCommerce","url":"https:\/\/wpastra.com\/docs\/typography-options-for-woocommerce\/","category":["woo"]},{"title":"Getting Started with Astra Pro Addon Plugin","url":"https:\/\/wpastra.com\/docs\/getting-started-with-astra-pro\/","category":["installation-and-updates"]},{"title":"Colors &#038; Background options for WooCommerce","url":"https:\/\/wpastra.com\/docs\/colors-background-options-for-woocommerce\/","category":["woo"]},{"title":"How to Activate License Key on WordPress Multisite?","url":"https:\/\/wpastra.com\/docs\/how-to-activate-license-key-on-wordpress-multisite\/","category":["general"]},{"title":"How to Edit style.css in Child Theme?","url":"https:\/\/wpastra.com\/docs\/how-to-edit-style-css-in-child-theme\/","category":["general"]},{"title":"How to Display WooCommerce Sidebar on Top for Mobile Devices?","url":"https:\/\/wpastra.com\/docs\/how-to-display-woocommerce-sidebar-on-top-on-mobile\/","category":["general"]},{"title":"How to Set Background Image for the Site?","url":"https:\/\/wpastra.com\/docs\/how-to-set-background-image-for-the-site\/","category":["general"]},{"title":"How to add Google Analytics code with Site Builder Module?","url":"https:\/\/wpastra.com\/docs\/add-google-analytics-code\/","category":[]},{"title":"Fix for- cURL error 51: SSL: no alternative certificate subject name matches target host name &#8216;websitedemos.net&#8217;","url":"https:\/\/wpastra.com\/docs\/fix-for-curl-error-51-ssl-no-alternative-certificate-subject-name-matches-target-host-name-websitedemos-net\/","category":["troubleshooting"]},{"title":"How to Remove Previous and Next Link from a Single Blog Post?","url":"https:\/\/wpastra.com\/docs\/how-to-remove-previous-and-next-link-from-single-blog-post\/","category":["general"]},{"title":"Custom 404 Page","url":"https:\/\/wpastra.com\/docs\/custom-404-page\/","category":["custom-layouts-module"]},{"title":"Site Builder &#8211; Hooks","url":"https:\/\/wpastra.com\/docs\/custom-layout-hooks\/","category":["custom-layouts-module"]},{"title":"Custom Footer","url":"https:\/\/wpastra.com\/docs\/custom-footer\/","category":["custom-layouts-module"]},{"title":"Custom Header","url":"https:\/\/wpastra.com\/docs\/custom-header\/","category":["custom-layouts-module"]},{"title":"Cannot edit Custom Layouts \/ Custom Layouts having 404 error?","url":"https:\/\/wpastra.com\/docs\/cannot-edit-custom-layouts-custom-layouts-having-404-error\/","category":["custom-layouts-module"]},{"title":"Astra Options Page &#8211; All Settings Explained","url":"https:\/\/wpastra.com\/docs\/new-welcome-screen-for-astra\/","category":["general"]},{"title":"How to White Label Astra?","url":"https:\/\/wpastra.com\/docs\/how-to-white-label-astra\/","category":["white-label"]},{"title":"How to Install Astra Pro Plugin?","url":"https:\/\/wpastra.com\/docs\/install-astra-pro-addon-plugin\/","category":["installation-and-updates"]},{"title":"Backup Your Website in Less than 10 Minutes!","url":"https:\/\/wpastra.com\/docs\/backup-your-website-in-less-than-10-minutes\/","category":["general"]},{"title":"How to use RGBA color picker?","url":"https:\/\/wpastra.com\/docs\/how-to-use-rgba-color-picker\/","category":["general"]},{"title":"How to fix Fatal Error \/ White Screen of Death?","url":"https:\/\/wpastra.com\/docs\/fixing-fatal-error-white-screen-of-death\/","category":["troubleshooting"]},{"title":"Fix for &#8211;  Parse error: syntax error, unexpected T_FUNCTION","url":"https:\/\/wpastra.com\/docs\/fixing-parse-error-syntax-error-unexpected-t-function\/","category":["troubleshooting"]},{"title":"How to Disable the Loading of Astra&#8217;s Default Font File? (Astra.woff)","url":"https:\/\/wpastra.com\/docs\/disable-loading-astras-default-font-file-astra-woff\/","category":["astra-theme-pro-filters"]},{"title":"Overview of LearnDash Integration in Astra Theme","url":"https:\/\/wpastra.com\/docs\/learndash-integration-overview\/","category":["learndash"]},{"title":"LearnDash Integration in Astra Pro","url":"https:\/\/wpastra.com\/docs\/learndash-integration-in-astra-pro\/","category":["learndash-astra-pro-modules"]},{"title":"Checkout Page WooCommerce","url":"https:\/\/wpastra.com\/docs\/checkout-page-woocommerce\/","category":["woo"]},{"title":"Single Product WooCommerce","url":"https:\/\/wpastra.com\/docs\/single-product-woocommerce\/","category":["woo"]},{"title":"How to Design a Product Catalog Page or Shop Page Using WooCommerce Module in Astra?","url":"https:\/\/wpastra.com\/docs\/shop-woocommerce\/","category":["woo"]},{"title":"WooCommerce Module Overview","url":"https:\/\/wpastra.com\/docs\/woocommerce-module-overview\/","category":["woo"]},{"title":"General WooCommerce","url":"https:\/\/wpastra.com\/docs\/general-woocommerce\/","category":[]},{"title":"Typography Module","url":"https:\/\/wpastra.com\/docs\/typography-module\/","category":["typography-pro"]},{"title":"Global Typography &#8211; Astra Theme","url":"https:\/\/wpastra.com\/docs\/typography-free\/","category":["global"]},{"title":"Colors &#038; Background Module","url":"https:\/\/wpastra.com\/docs\/colors-background-module\/","category":["colors-background-pro"]},{"title":"Global Colors &#8211; Astra Theme","url":"https:\/\/wpastra.com\/docs\/colors-background\/","category":["global"]},{"title":"Astra WooCommerce Mini Cart Shortcode","url":"https:\/\/wpastra.com\/docs\/astra-woocommerce-mini-cart-shortcode\/","category":["woo"]},{"title":"LifterLMS Integration in Astra Pro","url":"https:\/\/wpastra.com\/docs\/lifterlms-module-pro\/","category":["lifterlms-astra-pro"]},{"title":"LifterLMS Overview","url":"https:\/\/wpastra.com\/docs\/lifterlms-overview\/","category":["lifterlms"]},{"title":"LifterLMS Integration in Free Astra Theme","url":"https:\/\/wpastra.com\/docs\/lifterlms-free\/","category":["lifterlms"]},{"title":"How to Manage Sidebars in Free Astra Theme?","url":"https:\/\/wpastra.com\/docs\/sidebar-free\/","category":["sidebar"]},{"title":"Single Post with Blog Pro","url":"https:\/\/wpastra.com\/docs\/single-post-blog-pro\/","category":["blog-pro"]},{"title":"Blog \/ Archive with Blog Pro","url":"https:\/\/wpastra.com\/docs\/blog-archive-blog-pro\/","category":["blog-pro"]},{"title":"Blog Pro Overview","url":"https:\/\/wpastra.com\/docs\/blog-pro-overview\/","category":["blog-pro"]},{"title":"Single Post","url":"https:\/\/wpastra.com\/docs\/single-post\/","category":["blog"]},{"title":"Blog \/ Archive","url":"https:\/\/wpastra.com\/docs\/blog-archive\/","category":["blog"]},{"title":"Blog Overview","url":"https:\/\/wpastra.com\/docs\/blog-overview\/","category":["blog"]},{"title":"Scroll To Top","url":"https:\/\/wpastra.com\/docs\/scroll-to-top-pro\/","category":["astra-theme-walkthrough-docs"]},{"title":"Custom Layouts Overview","url":"https:\/\/wpastra.com\/docs\/custom-layouts-pro\/","category":["custom-layouts-module"]},{"title":"Footer Widgets Module with Astra Pro","url":"https:\/\/wpastra.com\/docs\/footer-widgets-astra-pro\/","category":["footer-widgets-module"]},{"title":"Footer Bar","url":"https:\/\/wpastra.com\/docs\/footer-bar\/","category":["header-footer-before-3-0"]},{"title":"Astra Meta Settings","url":"https:\/\/wpastra.com\/docs\/page-meta-settings\/","category":["meta-settings"]},{"title":"How to Manage Spacing in Headers Using Astra?","url":"https:\/\/wpastra.com\/docs\/header-spacing-controls\/","category":["spacing"]},{"title":"Sidebar Spacing Controls","url":"https:\/\/wpastra.com\/docs\/sidebar-spacing-controls\/","category":["spacing"]},{"title":"How to Manage Spacing on the Blog Page Using Astra?","url":"https:\/\/wpastra.com\/docs\/blog-archive-spacing-controls\/","category":["spacing"]},{"title":"Footer Spacing Controls","url":"https:\/\/wpastra.com\/docs\/footer-spacing-controls\/","category":["spacing"]},{"title":"Page Headers Overview","url":"https:\/\/wpastra.com\/docs\/page-headers-overview\/","category":["page-headers"]},{"title":"Header Sections Overview (Old Astra Header)","url":"https:\/\/wpastra.com\/docs\/header-sections-pro\/","category":["header-sections"]},{"title":"How to Set the Full-width\/Stretched Container Layout in Astra?","url":"https:\/\/wpastra.com\/docs\/full-width-stretched-container-layout\/","category":["global"]},{"title":"Full Width \/ Contained \u2013 Container Layout","url":"https:\/\/wpastra.com\/docs\/full-width-contained-container-layout\/","category":["global"]},{"title":"Content Boxed &#8211; Container Layout","url":"https:\/\/wpastra.com\/docs\/content-boxed-container-layout\/","category":["global"]},{"title":"Boxed \u2013 Container Layout","url":"https:\/\/wpastra.com\/docs\/boxed-container-layout\/","category":["global"]},{"title":"Container Spacing Controls","url":"https:\/\/wpastra.com\/docs\/container-spacing-controls\/","category":["spacing"]},{"title":"Site Identity Spacing Controls","url":"https:\/\/wpastra.com\/docs\/site-identity-spacing-controls\/","category":["spacing"]},{"title":"Spacing Addon Overview","url":"https:\/\/wpastra.com\/docs\/spacing-addon-overview\/","category":["spacing"]},{"title":"Global Container &#8211; Astra Theme","url":"https:\/\/wpastra.com\/docs\/container-overview\/","category":["global"]},{"title":"How to Add a Sticky Header or On-Scroll Fixed Header with Astra","url":"https:\/\/wpastra.com\/docs\/sticky-header-pro\/","category":["sticky-header"]},{"title":"Padded Site Layout","url":"https:\/\/wpastra.com\/docs\/padded-site-layout\/","category":["site-layout"]},{"title":"Fluid Site Layout","url":"https:\/\/wpastra.com\/docs\/fluid-site-layout\/","category":["site-layout"]},{"title":"Max Width Site Layout","url":"https:\/\/wpastra.com\/docs\/max-width-site-layout\/","category":["site-layout"]},{"title":"Full Width Site Layout","url":"https:\/\/wpastra.com\/docs\/full-width-site-layout\/","category":["site-layout"]},{"title":"Site Layout Overview","url":"https:\/\/wpastra.com\/docs\/site-layout-overview\/","category":["site-layout"]},{"title":"Change the Astra Header Breakpoint Width","url":"https:\/\/wpastra.com\/docs\/change-astra-header-breakpoint-width\/","category":["astra-header-footer-filters"]},{"title":"How to Add Custom Javascript Code in Astra?","url":"https:\/\/wpastra.com\/docs\/add-custom-javascript-code-astra\/","category":[]},{"title":"What is a Favicon or Site Icon?","url":"https:\/\/wpastra.com\/docs\/favicon-site-icon\/","category":["general"]},{"title":"Complete List of WordPress Locale Codes","url":"https:\/\/wpastra.com\/docs\/complete-list-wordpress-locale-codes\/","category":[]},{"title":"Fix for &#8211; The PCLZIP_ERR_BAD_FORMAT (-10) Error","url":"https:\/\/wpastra.com\/docs\/fix-pclzip-err-bad-format-10-error\/","category":["troubleshooting"]},{"title":"How to Add Custom PHP Code?","url":"https:\/\/wpastra.com\/docs\/add-custom-php-code\/","category":["astra-theme-pro-filters"]},{"title":"WooCommerce Integration Overview in Free Astra Theme","url":"https:\/\/wpastra.com\/docs\/woocommerce-integration-overview\/","category":["woocommerce-free"]},{"title":"How to Replicate the Astra Screenshot?","url":"https:\/\/wpastra.com\/docs\/replicating-the-screenshot\/","category":[]},{"title":"How to Turn Astra Multilingual with WPML?","url":"https:\/\/wpastra.com\/docs\/turn-astra-multilingual-with-wpml\/","category":["translate-astra"]},{"title":"How to Build Advanced Websites Based on Custom Post Types with Toolset and Astra?","url":"https:\/\/wpastra.com\/docs\/custom-post-types-toolset-astra\/","category":["general"]},{"title":"How to Get License Key of Astra Pro?","url":"https:\/\/wpastra.com\/docs\/get-license-keys\/","category":["installation-and-updates"]},{"title":"How to Activate Astra Pro Addon License?","url":"https:\/\/wpastra.com\/docs\/activate-astra-pro-addon-license\/","category":["installation-and-updates"]},{"title":"How to Design Bullets &#038; Lists?","url":"https:\/\/wpastra.com\/docs\/design-bullets-lists\/","category":["custom-css"]},{"title":"How to Disable Comments on WordPress website?","url":"https:\/\/wpastra.com\/docs\/how-to-disable-comments\/","category":["general"]},{"title":"How to Highlight a Certain Menu Item?","url":"https:\/\/wpastra.com\/docs\/highlight-certain-menu-item\/","category":["custom-css"]},{"title":"How to Bulk Edit Astra Meta Settings on Multiple Pages &#038; Posts at Once?","url":"https:\/\/wpastra.com\/docs\/bulk-edit-astra-meta-settings-multiple-pages-posts\/","category":["general"]},{"title":"Font Selection","url":"https:\/\/wpastra.com\/docs\/font-selection\/","category":["general"]},{"title":"How to Renew Yearly License?","url":"https:\/\/wpastra.com\/docs\/renew-yearly-license\/","category":["account-and-store"]},{"title":"How to Increase PHP Time Limit for a WordPress Site?","url":"https:\/\/wpastra.com\/docs\/increase-php-time-limit-wordpress-sites\/","category":["general"]},{"title":"Astra Pro WP CLI Commands","url":"https:\/\/wpastra.com\/docs\/wp-cli-commands\/","category":["general","astra-theme-pro-filters"]},{"title":"How Do License Upgrades Work?","url":"https:\/\/wpastra.com\/docs\/how-license-upgrades-work\/","category":["account-and-store"]},{"title":"Recommended Settings for Beaver Builder and the Astra Theme","url":"https:\/\/wpastra.com\/docs\/recommended-settings-beaver-builder-astra\/","category":["general"]},{"title":"Recommended Settings for Elementor and the Astra Theme","url":"https:\/\/wpastra.com\/docs\/recommended-settings-for-elementor\/","category":["general"]},{"title":"How to Force Check Updates?","url":"https:\/\/wpastra.com\/docs\/force-check-updates\/","category":[]},{"title":"How to Disable or Change the Position of the Featured Image?","url":"https:\/\/wpastra.com\/docs\/disable-change-position-featured-image\/","category":[]},{"title":"How do I manage margin between paragraphs?","url":"https:\/\/wpastra.com\/docs\/manage-margin-paragraphs\/","category":[]},{"title":"How to Update the Plugin Manually from WordPress Backend?","url":"https:\/\/wpastra.com\/docs\/update-plugin-manually-wordpress-backend\/","category":["general"]},{"title":"How to Adjust the Width of Your Sidebar?","url":"https:\/\/wpastra.com\/docs\/adjust-width-sidebar\/","category":["general"]},{"title":"Where Does Astra Primary Color Setting Take Effect?","url":"https:\/\/wpastra.com\/docs\/astra-primary-color-setting-take-effect\/","category":["general"]},{"title":"How to Disable Header or Footer for a Landing Page or Post?","url":"https:\/\/wpastra.com\/docs\/disable-header-footer-landing-page-post\/","category":["general"]},{"title":"What Is a Child Theme and How To Install It for Astra?","url":"https:\/\/wpastra.com\/docs\/install-astra-child-theme\/","category":["installation-and-updates"]},{"title":"Increasing the PHP Memory Limit of Your Website","url":"https:\/\/wpastra.com\/docs\/increasing-php-memory-limit-website\/","category":["general"]},{"title":"How to Translate Astra Theme \/ Plugins in Your Own Language using GlotPress?","url":"https:\/\/wpastra.com\/docs\/how-to-translate\/","category":["translate-astra"]},{"title":"Does Astra support Beaver Themer Plugin?","url":"https:\/\/wpastra.com\/docs\/does-astra-support-beaver-themer-plugin\/","category":["general"]},{"title":"Remove Primary Navigation Menu with Hook","url":"https:\/\/wpastra.com\/docs\/how-to-remove-primary-navigation-menu\/","category":["astra-header-footer-filters"]},{"title":"Footer Custom Text Helper Strings","url":"https:\/\/wpastra.com\/docs\/footer-custom-text-helper-strings\/","category":["general"]},{"title":"What is Astra Pro Add on?","url":"https:\/\/wpastra.com\/docs\/astra-pro-addon\/","category":["installation-and-updates"]},{"title":"How to Change Website Logo Destination URL","url":"https:\/\/wpastra.com\/docs\/change-website-logo-destination-url\/","category":["astra-header-footer-filters"]},{"title":"Using Hooks in Astra","url":"https:\/\/wpastra.com\/docs\/using-hooks\/","category":["astra-theme-pro-filters"]},{"title":"Standard server 404 page showing instead of custom 404 page","url":"https:\/\/wpastra.com\/docs\/standard-server-404-page-showing-instead-of-custom-404-page\/","category":[]},{"title":"How to Change the Default Astra Strings","url":"https:\/\/wpastra.com\/docs\/astra-default-strings\/","category":["astra-theme-pro-filters"]},{"title":"How to Add Custom CSS Code Without Editing Theme Files?","url":"https:\/\/wpastra.com\/docs\/adding-custom-css-code\/","category":["custom-css"]}]}