{"content":[],"settings":{"template":"default","system_colors":[{"_id":"primary","title":"Primary","color":"#1C244B"},{"_id":"secondary","title":"Secondary","color":"#F3F5F8"},{"_id":"text","title":"Body Text","color":"#324A6D"},{"_id":"accent","title":"Accent","color":"#467FF7"}],"custom_colors":[{"_id":"c696dce","title":"BG Kit","color":"#FFFFFF"},{"_id":"14ef391","title":"Blue Element","color":"#C8D5DC"},{"_id":"764183d","title":"Blue Light BG","color":"#F9FAFD"},{"_id":"d6cea4e","title":"White Element","color":"#FFFFFF"},{"_id":"86b4fcd","title":"Full Transparency","color":"#02010100"},{"_id":"57c8da2","title":"Overlay BG","color":"#000000CC"}],"system_typography":[{"_id":"primary","title":"Primary","typography_typography":"custom","typography_font_family":"Poppins","typography_font_weight":"600","typography_font_size":{"unit":"px","size":65,"sizes":[]},"typography_text_transform":"none","typography_font_style":"normal","typography_text_decoration":"none","typography_line_height":{"unit":"em","size":1.2,"sizes":[]},"typography_letter_spacing":{"unit":"px","size":0,"sizes":[]},"typography_font_size_tablet":{"unit":"px","size":45,"sizes":[]},"typography_font_size_mobile":{"unit":"px","size":28,"sizes":[]},"typography_line_height_mobile":{"unit":"em","size":1.1,"sizes":[]},"typography_word_spacing":{"unit":"em","size":0,"sizes":[]}},{"_id":"secondary","title":"Secondary","typography_typography":"custom","typography_font_family":"Poppins","typography_font_weight":"600","typography_font_size":{"unit":"px","size":36,"sizes":[]},"typography_font_size_tablet":{"unit":"px","size":25,"sizes":[]},"typography_font_size_mobile":{"unit":"px","size":20,"sizes":[]},"typography_text_transform":"capitalize","typography_font_style":"normal","typography_text_decoration":"none","typography_line_height":{"unit":"em","size":1.1,"sizes":[]},"typography_letter_spacing":{"unit":"px","size":0,"sizes":[]}},{"_id":"text","title":"Body Text","typography_typography":"custom","typography_font_family":"Poppins","typography_font_weight":"300","typography_font_size":{"unit":"px","size":16,"sizes":[]},"typography_text_transform":"none","typography_font_style":"normal","typography_text_decoration":"none","typography_line_height":{"unit":"em","size":1.5,"sizes":[]},"typography_letter_spacing":{"unit":"px","size":0,"sizes":[]},"typography_font_size_tablet":{"unit":"px","size":14,"sizes":[]}},{"_id":"accent","title":"Accent Text","typography_typography":"custom","typography_font_family":"Poppins","typography_font_weight":"400","typography_font_size":{"unit":"px","size":16,"sizes":[]},"typography_text_transform":"capitalize","typography_font_style":"normal","typography_text_decoration":"none","typography_line_height":{"unit":"em","size":1,"sizes":[]},"typography_letter_spacing":{"unit":"px","size":0,"sizes":[]},"typography_font_size_tablet":{"unit":"px","size":14,"sizes":[]}}],"custom_typography":[{"_id":"392b9e0","title":"Box Title","typography_typography":"custom","typography_font_family":"Poppins","typography_font_size":{"unit":"px","size":22,"sizes":[]},"typography_font_weight":"600","typography_text_transform":"capitalize","typography_font_style":"normal","typography_text_decoration":"none","typography_line_height":{"unit":"em","size":1.2,"sizes":[]},"typography_letter_spacing":{"unit":"px","size":0,"sizes":[]},"typography_font_size_mobile":{"unit":"px","size":18,"sizes":[]}},{"typography_typography":"custom","typography_font_family":"Poppins","typography_font_size":{"unit":"px","size":22,"sizes":[]},"typography_font_size_tablet":{"unit":"px","size":18,"sizes":[]},"typography_font_weight":"300","typography_text_transform":"none","typography_font_style":"normal","typography_text_decoration":"none","typography_line_height":{"unit":"em","size":1.5,"sizes":[]},"typography_letter_spacing":{"unit":"px","size":0,"sizes":[]},"_id":"c05b693","title":"Subtitle","typography_font_size_mobile":{"unit":"px","size":16,"sizes":[]},"typography_line_height_tablet":{"unit":"em","size":1.4,"sizes":[]}},{"typography_typography":"custom","typography_font_family":"Poppins","typography_font_size":{"unit":"px","size":16,"sizes":[]},"typography_font_size_tablet":{"unit":"px","size":14,"sizes":[]},"typography_font_weight":"300","typography_text_transform":"uppercase","typography_font_style":"normal","typography_text_decoration":"none","typography_line_height":{"unit":"em","size":1.5,"sizes":[]},"typography_letter_spacing":{"unit":"px","size":10,"sizes":[]},"_id":"6558fb1","title":"Special Title"},{"typography_typography":"custom","typography_font_family":"Poppins","typography_font_size":{"unit":"px","size":16,"sizes":[]},"typography_font_weight":"400","typography_text_transform":"capitalize","typography_font_style":"italic","typography_text_decoration":"underline","typography_line_height":{"unit":"em","size":1,"sizes":[]},"typography_letter_spacing":{"unit":"px","size":0,"sizes":[]},"_id":"92bce3b","title":"Accent Text Underline","typography_font_size_tablet":{"unit":"px","size":14,"sizes":[]}},{"typography_typography":"custom","typography_font_family":"Poppins","typography_font_size":{"unit":"px","size":85,"sizes":[]},"typography_font_weight":"600","typography_text_transform":"none","typography_font_style":"normal","typography_text_decoration":"none","typography_line_height":{"unit":"em","size":1,"sizes":[]},"typography_letter_spacing":{"unit":"px","size":0,"sizes":[]},"_id":"b2deeae","title":"Hero Headline","typography_font_size_mobile":{"unit":"px","size":42,"sizes":[]},"typography_line_height_mobile":{"unit":"em","size":1,"sizes":[]},"typography_font_size_tablet":{"unit":"px","size":65,"sizes":[]}},{"typography_typography":"custom","typography_font_family":"Poppins","typography_font_size":{"unit":"px","size":200,"sizes":[]},"typography_font_size_tablet":{"unit":"px","size":145,"sizes":[]},"typography_font_size_mobile":{"unit":"px","size":100,"sizes":[]},"typography_font_weight":"600","typography_text_transform":"none","typography_font_style":"normal","typography_text_decoration":"none","typography_line_height":{"unit":"em","size":1.2,"sizes":[]},"typography_line_height_mobile":{"unit":"em","size":1,"sizes":[]},"typography_letter_spacing":{"unit":"px","size":0,"sizes":[]},"_id":"fb1a3e0","title":"404 Title"},{"typography_typography":"custom","typography_font_family":"Poppins","typography_font_size":{"unit":"px","size":16,"sizes":[]},"typography_font_size_tablet":{"unit":"px","size":14,"sizes":[]},"typography_font_weight":"400","typography_text_transform":"capitalize","typography_font_style":"italic","typography_text_decoration":"none","typography_line_height":{"unit":"em","size":1.3,"sizes":[]},"typography_letter_spacing":{"unit":"px","size":0,"sizes":[]},"_id":"397e168","title":"Body Text Italic Capitalize"}],"default_generic_fonts":"Sans-serif","page_title_selector":"h1.entry-title","activeItemIndex":1,"viewport_md":768,"viewport_lg":1025,"body_background_background":"classic","__globals__":{"body_background_color":"globals\/colors?id=c696dce","h4_typography_typography":"globals\/typography?id=392b9e0","h4_color":"globals\/colors?id=primary","hello_header_menu_color":"globals\/colors?id=primary","hello_header_menu_toggle_color":"globals\/colors?id=accent","hello_header_menu_typography_typography":"globals\/typography?id=text","hello_header_background_color":"globals\/colors?id=c696dce","hello_footer_background_color":"globals\/colors?id=accent","hello_footer_copyright_color":"globals\/colors?id=c696dce","hello_footer_copyright_typography_typography":"globals\/typography?id=text","link_normal_color":"globals\/colors?id=accent","link_hover_color":"globals\/colors?id=primary"},"hello_header_custom_width":{"unit":"px","size":1600,"sizes":[]},"hello_header_menu":"2","hello_header_menu_dropdown":"mobile","hello_footer_copyright_text":"\u00a9 2022 All Rights Reserved","hello_header_logo_width":{"unit":"px","size":54,"sizes":[]},"hello_header_gap":{"unit":"%","size":8,"sizes":[]},"hello_header_background_background":"classic","container_width":{"unit":"px","size":1600,"sizes":[]},"space_between_widgets":{"unit":"px","size":0,"sizes":[]},"hello_footer_logo_display":"","hello_footer_tagline_display":"","hello_footer_menu_display":"","hello_footer_layout":"stacked","hello_footer_background_background":"classic","hello_header_gap_tablet":{"unit":"%","size":5,"sizes":[]},"hello_header_gap_mobile":{"unit":"%","size":8,"sizes":[]},"container_padding":{"unit":"px","top":"0","right":"0","bottom":"0","left":"0","isLinked":false},"hello_footer_custom_width":{"unit":"%","size":"","sizes":[]},"hello_footer_custom_width_mobile":{"unit":"%","size":"","sizes":[]}},"metadata":[]}